model,type,seed,device,test_mcc,test_acc,best_val_mcc,best_epoch,train_time_s,members,best_arch,arch_list,val_mccs
RNN,single,42,cuda:0,0.7551959504638758,0.8161146811665843,0.7545161693149977,122.0,97.1,,,,
GRU,single,42,cuda:1,0.7100568424213096,0.7815126050420168,0.7315192238996744,134.0,100.3,,,,
LSTM,single,42,cuda:0,0.685485842940751,0.7637172516065249,0.6955026453135152,93.0,92.0,,,,
CNN,single,42,cuda:1,0.8382646954810525,0.8774097874443895,0.8504307909113688,100.0,128.8,,,,
TCN,single,42,cuda:0,0.8356108096932178,0.8759268413247652,0.8454320271845738,121.0,202.0,,,,
Transformer,single,42,cuda:1,0.7133858397096631,0.7849728126544736,0.7288881146574783,114.0,170.9,,,,
BiLSTM,single,42,cuda:0,0.6837550537887224,0.7622343054869006,0.7055951173197832,114.0,113.8,,,,
CNN2DLSTM,single,42,cuda:1,0.8009714971887837,0.8502224419179436,0.7936812130273349,140.0,139.2,,,,
CNN2DGRU,single,42,cuda:0,0.7754407093348689,0.8314384577360356,0.7704744079109921,139.0,138.5,,,,
Mamba,single,42,cuda:1,0.8002345012665236,0.8497281265447355,0.8076325276664813,99.0,373.6,,,,
MetaFusion_LSTM,meta_fusion,42,cuda:0,0.7433661484098454,0.8067226890756303,0.7477430998351688,40.0,80.0,,,,
MetaFusion_GRU,meta_fusion,42,cuda:1,0.7771636502112413,0.8324270884824518,0.7959663469278936,132.0,120.6,,,,
Ensemble_RNN_GRU,voting_ensemble,42,cuda:0,0.7450849805848317,0.8082056351952546,,,,RNN+GRU,,,
Ensemble_GRU_LSTM,voting_ensemble,42,cuda:0,0.7104386007608584,0.7820069204152249,,,,GRU+LSTM,,,
Ensemble_LSTM_CNN,voting_ensemble,42,cuda:0,0.8436361216364953,0.8818586258032625,,,,LSTM+CNN,,,
Ensemble_CNN_TCN,voting_ensemble,42,cuda:0,0.8445561426071656,0.8823529411764706,,,,CNN+TCN,,,
Ensemble_TCN_Transformer,voting_ensemble,42,cuda:0,0.7978719723987919,0.8482451804251112,,,,TCN+Transformer,,,
Ensemble_BiLSTM_LSTM,voting_ensemble,42,cuda:0,0.6922040573306956,0.768660405338606,,,,BiLSTM+LSTM,,,
Ensemble_Mamba_LSTM,voting_ensemble,42,cuda:0,0.7926475165903991,0.8442906574394463,,,,Mamba+LSTM,,,
Ensemble_RNN_GRU_LSTM,voting_ensemble,42,cuda:0,0.7361415705907369,0.8012852199703411,,,,RNN+GRU+LSTM,,,
Ensemble_All,voting_ensemble,42,cuda:0,0.8074357337833981,0.8551655956500247,,,,RNN+GRU+LSTM+CNN+TCN+Transformer+BiLSTM+CNN2DLSTM+CNN2DGRU+Mamba,,,
Stacking_All,stacking_ensemble,42,cuda:0,0.8488477962975801,0.8858131487889274,0.8575473167703784,,,,,,
HPO_RNN,hpo,42,cuda:0,0.8319352320738266,0.8739495798319328,0.8336606720955335,115.0,141.8,,,,
HPO_GRU,hpo,42,cuda:1,0.8524206484489896,0.889273356401384,0.847260563562591,89.0,106.8,,,,
HPO_LSTM,hpo,42,cuda:0,0.8434985171188114,0.8823529411764706,0.839383385145203,102.0,92.6,,,,
HPO_CNN,hpo,42,cuda:1,0.8357177616525382,0.8754325259515571,0.8279376553356438,145.0,148.6,,,,
HPO_TRANSFORMER,hpo,42,cuda:1,0.8034555424129555,0.8521997034107761,0.7929767609283453,126.0,142.4,,,,
HPO_BILSTM,hpo,42,cuda:0,0.8195227280646921,0.8640632723677706,0.7997220463664146,101.0,233.9,,,,
HPO_CNN2DRNN,hpo,42,cuda:1,0.8187847133662858,0.8630746416213544,0.8137398716059155,130.0,135.0,,,,
HPO_TCN,hpo,42,cuda:0,0.8470307287016601,0.8843302026693031,0.8547765038028522,95.0,521.9,,,,
HPO_MAMBA,hpo,42,cuda:0,0.841775659843625,0.8808699950568463,0.8471439373524197,85.0,753.3,,,,
OptunaNet_NAS,optuna_nas,42,cuda:0,0.8265419162524447,0.8685121107266436,0.8236252434548038,,,,"{""arch"": ""cnn"", ""dropout"": 0.4595914901927733, ""num_filters"": 204, ""num_blocks"": 2, ""kernel_size_set"": 1, ""lr"": 0.00016100059173645794, ""weight_decay"": 0.01348505895018758, ""l1_lambda"": 4.204316002957111e-06, ""gradient_clip"": 3.1697849397235016, ""loss_type"": ""focal"", ""focal_gamma"": 1.540258938415617, ""optimizer_type"": ""adamw"", ""momentum"": 0.7328592369784435, ""scheduler_type"": ""plateau""}",,
MoE_4GRU,soft_moe,42,cuda:0,0.8173062623248855,0.8625803262481463,0.8321410215785274,,,,,gru+gru+gru+gru,
MoE_4LSTM,soft_moe,42,cuda:1,0.8329695971293436,0.8744438952051409,0.8270978566986223,,,,,lstm+lstm+lstm+lstm,
MoE_4TCN,soft_moe,42,cuda:0,0.8520925057432321,0.8882847256549679,0.8587128783281177,,,,,tcn+tcn+tcn+tcn,
MoE_4CNN,soft_moe,42,cuda:1,0.8405440488222373,0.8798813643104301,0.8521204718686378,,,,,cnn+cnn+cnn+cnn,
MoE_Mixed,soft_moe,42,cuda:0,0.8353085032841441,0.8759268413247652,0.8424027411673689,,,,,gru+lstm+rnn+cnn,
MoE_Mixed2,soft_moe,42,cuda:1,0.8454870366769807,0.8838358872960949,0.8471619785990782,,,,,gru+lstm+cnn+tcn,
MoE_2GRU2LSTM,soft_moe,42,cuda:0,0.8252310465468046,0.8685121107266436,0.8368129534894516,,,,,gru+gru+lstm+lstm,
MoE_2TCN2GRU,soft_moe,42,cuda:1,0.8472410412781837,0.8853188334157193,0.8473180435129497,,,,,tcn+tcn+gru+gru,
MoE_2CNN2TCN,soft_moe,42,cuda:0,0.8459398406038869,0.8838358872960949,0.8472514676991536,,,,,cnn+cnn+tcn+tcn,
MoE_8Mixed,soft_moe,42,cuda:1,0.849894850659869,0.8872960949085517,0.8494479359868363,,,,,gru+gru+lstm+lstm+cnn+cnn+tcn+tcn,
DS_RNN_A,ds_base,42,cuda:0,0.7634282718077559,0.8220464656450815,0.7763001665620327,,,,,,"[0.611266346510546, 0.620303678709116, 0.6182236200608282, 0.6397966708477127, 0.6404186559996844, 0.6343137121826661, 0.6541418531546381, 0.6539136555296555, 0.6580905493662841, 0.6546478202428813, 0.6578513033746394, 0.6607544717920848, 0.6578780692758418, 0.6614097066916143, 0.6635715933994151, 0.6658804543069069, 0.6655623205392016, 0.6663358499455906, 0.6734479094125417, 0.671116867893107, 0.6684150766913394, 0.6781399156670583, 0.6696064477036394, 0.6860285419084268, 0.699436422841825, 0.6775512473069316, 0.6850101518847357, 0.6859051727337991, 0.7028604421746607, 0.6935571927413791, 0.7026430307244378, 0.7103097061986993, 0.7003724738884, 0.7017969285932049, 0.7000812785394617, 0.709288596956623, 0.7063926068467311, 0.7029973573553845, 0.7181865005658076, 0.7182590982293753, 0.7241877771233051, 0.7082206170502231, 0.7157379659280075, 0.7238109045740407, 0.7213303535345248, 0.7285386346452214, 0.7046747887802872, 0.69342446803411, 0.7284761234297411, 0.7214478654851664, 0.7192718822491566, 0.7308696006687447, 0.7250797676324355, 0.7325460678093835, 0.7317223787627924, 0.7311272437473012, 0.725305888335183, 0.7271428967127731, 0.7398511714223361, 0.72674756797594, 0.7395525348123538, 0.7349486323419504, 0.7437709624035561, 0.7196853573331483, 0.7352604698504203, 0.7402566045453195, 0.740497513650521, 0.7402479741847522, 0.7465471577068078, 0.7430200473825228, 0.7420151806026755, 0.7504631563799886, 0.7402004626054892, 0.7464033771388119, 0.7515328974174517, 0.7510815683186729, 0.7509409057214173, 0.7516842948463958, 0.7450982632777914, 0.7575785311984595, 0.7621529614198279, 0.7519443051311724, 0.7551254042152942, 0.7504703958641721, 0.7490855749866936, 0.7562291306566592, 0.7523621261707106, 0.7501490322045221, 0.7564999108213305, 0.7594097948428066, 0.7614364616106086, 0.7578779498187174, 0.7571332118688422, 0.7633594754097384, 0.7581021447789767, 0.7603671732983796, 0.7534245665726198, 0.7682059294645397, 0.7660144129088332, 0.7591736974754943, 0.7649938356868247, 0.7666015145529015, 0.7610228479982147, 0.7646490019436573, 0.7621848087178581, 0.7649562408759939, 0.766464355361233, 0.7660105651072483, 0.7564324840885968, 0.7619303384150463, 0.7664895323121484, 0.7668627451225037, 0.7689890036364783, 0.7682744782298541, 0.7657258434200688, 0.768139204097952, 0.7700103597920019, 0.7763001665620327, 0.768240703442677, 0.7675809996447249, 0.7716631974035272, 0.7707091022584788, 0.7689016053638019, 0.7678903670265718, 0.7682393006326994, 0.7706640624323683, 0.7750334270344263, 0.7706763661341002, 0.7697616209954874, 0.7743000639602197, 0.7706825411953095, 0.7707663134205313, 0.7725047630230446, 0.7690628250695591, 0.7708800866734515, 0.7707771354863118, 0.77001903834306, 0.7706587712968374, 0.7688701218735318, 0.7689996498676082, 0.7698423883541375, 0.7716508581766558, 0.7673806076214814]"
DS_RNN_B,ds_base,42,cuda:1,0.8322024294256911,0.8734552644587247,0.8371438463620403,,,,,,"[0.5050744237862193, 0.5537272963368439, 0.5176446139622739, 0.5401249918022626, 0.6025084685356271, 0.6057635579439815, 0.6283510553558327, 0.6098534623497954, 0.6353060082474419, 0.6046376290965512, 0.6256155561763524, 0.6024359077319957, 0.643629951759697, 0.6653263844716727, 0.6635683276955867, 0.6556927939059997, 0.656214689943062, 0.6978427162599515, 0.6714207066737085, 0.6894181491549052, 0.676204197210741, 0.7067505199485058, 0.7202262282469656, 0.7048266223946114, 0.706045436090078, 0.7125293430085765, 0.7179756337050016, 0.7105850566953691, 0.7578683994840237, 0.750210069624662, 0.7250710571611442, 0.7345498457346303, 0.7001117518698141, 0.7330831821483771, 0.750960836175522, 0.7401066375084077, 0.7604617803248759, 0.7499903618890146, 0.7634750044680069, 0.7548355681374522, 0.7510370900542004, 0.7570132646658343, 0.7754681964377609, 0.7722366929047666, 0.7673257584784184, 0.7555902501559543, 0.7826813761313678, 0.7766607657498743, 0.7804155179093489, 0.7893665612458087, 0.7709712015451452, 0.7604342519299574, 0.7847722258490301, 0.7778749742911166, 0.7724027367468767, 0.7987000289226768, 0.8041585857914655, 0.8111696578362977, 0.7926989379546185, 0.8042173586008894, 0.8053239079673375, 0.7956587829575189, 0.803740787485947, 0.7963207530187936, 0.799737821155294, 0.7994422964879502, 0.8130098480698994, 0.8129930745828624, 0.8047533430620086, 0.8084749384511927, 0.8088541184604788, 0.8184161433476153, 0.8101113373287585, 0.7994045439879256, 0.795290457043835, 0.8054009777844863, 0.8283982679554299, 0.8066378138545213, 0.8135940209615459, 0.8187022022500609, 0.8092282059700959, 0.8169241747319157, 0.7944695032116711, 0.8228353265896781, 0.8271719811195474, 0.8249887135921836, 0.8195139479044992, 0.8239983007726026, 0.8128052784637037, 0.8212383556738756, 0.8102209083285408, 0.819002976468496, 0.8265492814588014, 0.8276904878223996, 0.8138327945604967, 0.8117709495533615, 0.8196920297465041, 0.8157715902815522, 0.8094295165626055, 0.8218111975504725, 0.8158253669112876, 0.8313489453955318, 0.8163053691101436, 0.813375532528562, 0.8270360979565748, 0.8185056928185874, 0.8185252204259239, 0.8224963337265234, 0.8199534766445411, 0.8371438463620403, 0.818117487297737, 0.812234899234841, 0.8212084584541608, 0.8207607492990692, 0.8221756368411243, 0.830211252796843, 0.8163205454421412, 0.8247846062929778, 0.8230007430419843, 0.8251353787776067, 0.8204439905389698, 0.8247081669409385, 0.8205649483124227, 0.8282583599933789, 0.8305027250006706, 0.8307921397435075, 0.8273390348490254, 0.8258843486002422, 0.8231436251576204, 0.8147864419576984, 0.8252878570107889, 0.8299684031509963, 0.8272871885648826, 0.8242546462491626, 0.8239209808154058]"
DS_GRU_A,ds_base,42,cuda:0,0.7247358309359964,0.7928818586258033,0.7468327413972422,,,,,,"[0.6023607857789871, 0.5997502405090497, 0.6174279119541478, 0.6076312991158841, 0.6061284876603737, 0.6277242323594894, 0.6292589367726585, 0.6241919739607933, 0.6219132563431744, 0.6287245375894818, 0.6272113783531258, 0.6417362788879979, 0.6358499752552601, 0.6320528508841573, 0.6411068616581345, 0.6423493150121737, 0.6359339035287974, 0.6404913808850856, 0.6440422461670879, 0.6465236050464144, 0.6545629693866262, 0.6547643503065019, 0.6502198706685083, 0.6504208516520364, 0.6562050828226721, 0.654213756575926, 0.6650487156754157, 0.658169947934363, 0.6606245629531292, 0.6623907344433665, 0.6673892329041115, 0.6665745166433679, 0.6724714376555135, 0.6770576788204338, 0.6762569958310856, 0.6672327631342764, 0.6670800248139207, 0.6825298845662252, 0.6764560081984532, 0.6786209919343494, 0.6768884393635141, 0.681528889659676, 0.6754971133313308, 0.6834242536088586, 0.6939302401055153, 0.6827632273598968, 0.6915861073921868, 0.6875351028651162, 0.6916241131263593, 0.6885755854905025, 0.683786407525949, 0.6860411230395927, 0.703703065040673, 0.7058402496797848, 0.7019397376397611, 0.7037662121621518, 0.6951697865993847, 0.7077304010696652, 0.7094487953688251, 0.7043910282043373, 0.7053755877428478, 0.688704501314993, 0.7114374696026934, 0.7070040025567582, 0.7068910823747221, 0.7131106001769649, 0.7173089077761482, 0.7063083292116391, 0.7080223768473549, 0.7090514376739069, 0.7132361182202459, 0.7146450015557315, 0.7193200524569366, 0.706583902873329, 0.7180397544958457, 0.7239859085448882, 0.7176246167810085, 0.7203012724654868, 0.7249391847458856, 0.7196901496092513, 0.723220499014887, 0.7174759537260554, 0.7244759820661767, 0.7341399629530936, 0.7181716695248372, 0.7374993438147474, 0.7324237166987227, 0.7285853364604004, 0.7344844255900088, 0.7390318895346303, 0.7355506708643789, 0.7364837322429848, 0.7318813373796974, 0.7430797906425651, 0.7291770778597362, 0.7387332775764076, 0.7435789432592719, 0.7336445737336136, 0.7358032478930377, 0.7356467959372107, 0.7316399332295864, 0.7334283921236842, 0.7367252063144074, 0.7450237118439716, 0.7359237123026245, 0.7440250695166609, 0.7383007246128123, 0.7468327413972422, 0.7450544511115096, 0.7423492279658518, 0.7376840413303553, 0.7435476624568469, 0.7415025540860559, 0.7373080885662613, 0.7382206503137393, 0.7393297348332055, 0.7426704941229115, 0.7416052619093815, 0.7450586079231161, 0.7374742363286458, 0.7375147156626825, 0.7431312697342239, 0.7406049798815986, 0.7408927322640111, 0.7440908024154992, 0.7407364826945397, 0.7398415865237135, 0.7399293475730319, 0.7431718150809712, 0.7425062356675919, 0.7441740827367858, 0.7447444036614288, 0.7457422637693567]"
DS_GRU_B,ds_base,42,cuda:1,0.712853952693484,0.7839841819080573,0.7365721025696568,,,,,,"[0.5078507376406062, 0.5598849738618291, 0.61879268193979, 0.6314577583659227, 0.6054818800724926, 0.6262541897062399, 0.6304107599283555, 0.6189180543841537, 0.6272637414181602, 0.6244807252565234, 0.6001848642569723, 0.6174349137660889, 0.6318168970638621, 0.6169722785702366, 0.6441894024123556, 0.6291124625210331, 0.6265972929072368, 0.6325069933240619, 0.6252512685408069, 0.6171381443352683, 0.6268780649355182, 0.6246087682593412, 0.6361323016873096, 0.6210902403627332, 0.6358482047980522, 0.6455733958449725, 0.6266820786575241, 0.6410993979015409, 0.6560380604875549, 0.6517290585954045, 0.6422928194772106, 0.6280233228787252, 0.6638624959188506, 0.6508312898679166, 0.6607010665563505, 0.655064684863263, 0.6545795309995602, 0.6523650948035323, 0.6652468371115227, 0.6517990539550014, 0.6458346899364185, 0.6503022323442904, 0.6603198811921189, 0.6624465594348947, 0.6563623253251761, 0.6615442803793663, 0.6670880756772611, 0.6517306879700561, 0.6722047021898567, 0.6713007835932828, 0.669120747355608, 0.6679814498686458, 0.6693708270209191, 0.6751987444097348, 0.6680160571676684, 0.6806124040558816, 0.6746427909697541, 0.6848095399154364, 0.675102293903259, 0.6810283009165756, 0.6845605094204108, 0.6773208566936787, 0.6837206491390441, 0.6903792342859066, 0.6903993683600693, 0.6896313843389298, 0.6932581137668797, 0.6940585505850023, 0.6739416641404941, 0.6971639708979904, 0.6995841143763254, 0.6796612633632302, 0.6922307258416536, 0.6985956836375858, 0.6988024340695187, 0.6901319769402082, 0.700775051670181, 0.694582064785658, 0.6917094510151933, 0.7020656995810266, 0.6939947446539034, 0.6995611181198862, 0.7087513073980961, 0.7116809245168001, 0.7073731934510583, 0.7028729976810297, 0.7020021135059152, 0.7099489853733462, 0.7152718591889118, 0.7172314965535723, 0.70642838993689, 0.71262870044628, 0.7108657071396487, 0.710792007570437, 0.7114837441427009, 0.7077254304765823, 0.7137716868634302, 0.7095359266742044, 0.7126939256741301, 0.7193331852703263, 0.71853867807884, 0.7079642105885088, 0.7167980122063768, 0.7175649688422044, 0.7214837781622154, 0.7170320659140764, 0.7220293815370094, 0.7234796724207656, 0.7131053305818694, 0.7173751983297523, 0.7161449018434454, 0.7200789561054985, 0.7258503969074916, 0.719304489588281, 0.7188396285931128, 0.7313491359252655, 0.7251332123999347, 0.7262082182330468, 0.7298313617344262, 0.7264554516596481, 0.7254014185274664, 0.7243920339859311, 0.7275264435017171, 0.729682396696323, 0.728482154277023, 0.7271871866844879, 0.7306689592557467, 0.7282036201351718, 0.7298404869858421, 0.7365721025696568, 0.7282825948843293, 0.7274445494278649, 0.73156458495953, 0.734621120594091, 0.7346485143100706, 0.7306229164566825, 0.7322436207867737, 0.7313728426480677, 0.7305358751840066, 0.7272652480140536, 0.7289591612406667, 0.7314696939168077, 0.7306175393161612, 0.731484422816952, 0.731484422816952, 0.7322744557499861, 0.7323775811155377, 0.7323215840751203, 0.7314786721814365, 0.7314786721814365]"
DS_LSTM_A,ds_base,42,cuda:0,0.6988810912273502,0.7736035590706871,0.7066312658339371,,,,,,"[0.5952665504736611, 0.5871867420058924, 0.5880229074800762, 0.6051801409197899, 0.6176402948608956, 0.6142653695357356, 0.623572614683631, 0.6268067113019123, 0.6213600341002489, 0.625836948565545, 0.616717816411011, 0.6390507407933591, 0.6283697617785616, 0.6292079415222965, 0.6250113910603944, 0.6300716193659978, 0.6395547582373585, 0.6363771752053954, 0.648985322695455, 0.6321616894261322, 0.6429052079537446, 0.632752871641622, 0.6473298962738347, 0.6457258927168698, 0.6336375738269109, 0.6462227079952253, 0.6429136421969507, 0.6421123692415904, 0.6427926305346164, 0.6382898790808234, 0.649967122354415, 0.6516977416392169, 0.656765444733697, 0.655501312611258, 0.6534051975946049, 0.664948297476852, 0.6589453221881182, 0.6578266472251929, 0.6599680970355788, 0.6550550958174882, 0.6712789699143986, 0.6673770061929296, 0.66141120269467, 0.6557652398483788, 0.671567756954784, 0.6571924669418383, 0.6669773344975679, 0.6639363161194864, 0.6697570568830286, 0.6704003200242571, 0.6671736205097282, 0.6679932748238531, 0.6696672963659565, 0.6686331399318539, 0.6748616630320149, 0.6753766465902465, 0.6826894900572578, 0.6688707490656555, 0.67360990696398, 0.6638867154006535, 0.6734795087629725, 0.6789745265243996, 0.6760336209253008, 0.6661428258946529, 0.67538566186779, 0.6849816349200493, 0.682707643896984, 0.6729737310070482, 0.6711445581407236, 0.685381066811506, 0.6796123072720068, 0.6892783756075418, 0.6786990532371976, 0.6930894065631519, 0.6802376043124844, 0.6759714057694484, 0.6903750377889082, 0.6773770953055378, 0.6903631853966614, 0.6810023815079004, 0.6922850543139113, 0.679811579208961, 0.6943412832972322, 0.6924968173428454, 0.6848726550310407, 0.6889165724224433, 0.6878004033745891, 0.6847383693120077, 0.6920027069561744, 0.692670831773471, 0.6938435908756209, 0.6838442427494087, 0.6905940111644016, 0.6968210781132944, 0.6951229486027752, 0.688188154960028, 0.6929415663880402, 0.693094008169653, 0.6989343889337921, 0.6938141594321112, 0.6856020486005202, 0.6899047356987854, 0.6967252951166186, 0.6921268644098729, 0.700372671582566, 0.7001581538611573, 0.6974784765172396, 0.6989745706681445, 0.6994908669864027, 0.6958081160513104, 0.6978218884403803, 0.6948915102182255, 0.7036643947187387, 0.7009730640481202, 0.6905360638321831, 0.7016109047740445, 0.6937573327662901, 0.6986336208824936, 0.6993973199830639, 0.7017589529398472, 0.6960435304836966, 0.7023484303649631, 0.7027712177849907, 0.6995047856914772, 0.7055593064314555, 0.7019521820500396, 0.7049530362905411, 0.6984098554353921, 0.7026334659186041, 0.7017821683312212, 0.7066312658339371, 0.7034262540858129, 0.702709226264094, 0.7008011231398712, 0.7023674785778319, 0.7042482416947274, 0.7008313785348377, 0.7048739502381183, 0.7048739502381183, 0.704187878395265, 0.7017642480929396, 0.7009623455822909, 0.7017780601722342, 0.7033921068471574, 0.7033921068471574, 0.7025390534173892, 0.7025913880231209, 0.7025913880231209, 0.7025913880231209, 0.7025913880231209]"
DS_LSTM_B,ds_base,42,cuda:1,0.6819535826523491,0.7602570439940682,0.6984578055558168,,,,,,"[0.6030495673985661, 0.6161166512571086, 0.6130389679176028, 0.6147548146667425, 0.617768479211082, 0.6164163599105561, 0.6170208889550461, 0.6067693908815525, 0.6166041135697559, 0.6316563591578892, 0.5952793655752039, 0.6249807940431349, 0.6165198976196684, 0.6215486866454923, 0.6345961750740328, 0.6260653666221861, 0.6422262645024133, 0.6182941109071439, 0.6258793948406299, 0.6410857367866509, 0.6401665299582954, 0.6357381041402287, 0.6225289825735126, 0.638744522216217, 0.6416502926027128, 0.6399332078078932, 0.6398746674881829, 0.6416467466505252, 0.6481335345172495, 0.6473987608878075, 0.6437840370255072, 0.6412199148728208, 0.6404594981647518, 0.6512438460420592, 0.6407617025704495, 0.6471850435392387, 0.639231814270529, 0.6486442094468959, 0.6435854815285326, 0.6597765799700964, 0.660356512454932, 0.653512589176732, 0.6563985296974816, 0.6546048252171554, 0.6583575840459582, 0.659289061566156, 0.6586551838769671, 0.6605366968264095, 0.655111546481486, 0.6668060937750308, 0.6511672885553431, 0.6587129489623955, 0.6709212397533731, 0.654705908446193, 0.6543826111089368, 0.6705180432175821, 0.6601608622167494, 0.6637723556095967, 0.6643725954255308, 0.6675686401893798, 0.6775547920280127, 0.6670430151082736, 0.665042885311924, 0.6684193057936906, 0.6761234029318274, 0.6700368934991757, 0.682527871367204, 0.6715675958125169, 0.674152772026313, 0.6676603535379687, 0.6743583287480011, 0.6778203373482545, 0.6861257770692196, 0.6708976069009248, 0.6728455588311547, 0.675799676233192, 0.6794845171365334, 0.6684212751163627, 0.6752235892816221, 0.6630161253752551, 0.6775408814421521, 0.6772750972661881, 0.6806888049534221, 0.6761653505526198, 0.6842304789135792, 0.6741064681802545, 0.680761240835677, 0.6789758081110788, 0.6778606423099846, 0.6853842782826158, 0.686900430947568, 0.6805568905652125, 0.6821344774122904, 0.6808109293386501, 0.6860580357991518, 0.6839857352039699, 0.6914115535878966, 0.6790654297551386, 0.6908401599771634, 0.6886380811642413, 0.6735621462181304, 0.683305444005532, 0.6852746288678454, 0.6909830280845447, 0.6840767441731835, 0.6862466106516859, 0.6795488813181346, 0.6888604174369211, 0.689038145422977, 0.6957474460973152, 0.6922702285036035, 0.6918917419058608, 0.6984578055558168, 0.6928041464915952, 0.6884522130678823, 0.6901440082281877, 0.6931354088927311, 0.688591113901297, 0.6926328779129611, 0.6862414762438388, 0.6840493551688445, 0.6956701733388594, 0.6879432233335231, 0.6909921090252402, 0.6950098018390488, 0.6910461898538288, 0.6896076855847713, 0.6958712213480194, 0.6926418232045956, 0.6942152280945789, 0.6888414051099221, 0.6943282845916946, 0.6951250648222159, 0.6951510878581343, 0.6926874223448137, 0.6942511461907295, 0.693541689098859, 0.6919319024905118]"
DS_CNN_A,ds_base,42,cuda:0,0.842250901055846,0.8808699950568463,0.8491464066539793,,,,,,"[0.6230441670970511, 0.654551702228652, 0.640603791717044, 0.6707504192747271, 0.6665603767129028, 0.6417200003717908, 0.6998327187238655, 0.692124241953309, 0.6986882044561803, 0.6915336245794131, 0.7125537721092373, 0.721729485176536, 0.7021343710099286, 0.7228308788475489, 0.718763844402165, 0.7281431252278932, 0.7509478399945422, 0.7515858439392892, 0.7582968403675546, 0.7484534366994192, 0.7615654899533373, 0.7647520030827375, 0.7621470408081146, 0.7596152558205764, 0.7668124940796989, 0.7694771501228607, 0.7702226136888024, 0.7653873686333907, 0.7595596627246307, 0.7897894158278854, 0.77427525921085, 0.7818002201023998, 0.7744436776728763, 0.7940045151702108, 0.7882753950307931, 0.7793622500229822, 0.7970032220119693, 0.7938735891690362, 0.801211389807028, 0.8070598657391219, 0.8012380121405196, 0.8042298164008121, 0.8007261718674455, 0.8108730591343367, 0.803522958915527, 0.8202513962540279, 0.8139212746597836, 0.8095991152691412, 0.806227338788634, 0.8024751721035857, 0.8082327028656101, 0.8178148784614159, 0.8011091694053153, 0.811882405731915, 0.8060840439293618, 0.813166461523295, 0.8085895693142695, 0.8048551373296173, 0.8064806543487201, 0.8179276953089809, 0.8159486428348856, 0.8071883191416591, 0.8202362500412068, 0.8146190695142234, 0.8156574771001117, 0.8230951893513373, 0.82175326429558, 0.8245582880879084, 0.8304462302406949, 0.8237174580146633, 0.8137473606602583, 0.8262374348080374, 0.8154427174423511, 0.8210953371223175, 0.8272617758778029, 0.8185746778299591, 0.8244986739585144, 0.8252110412124505, 0.8157407243053507, 0.8314789812111101, 0.8332166154615339, 0.8041779127797422, 0.8243718690193532, 0.8258844092739379, 0.8241501530230244, 0.8216104718220786, 0.833920846218922, 0.8343144995715308, 0.8301055073500588, 0.8303219215267391, 0.832353103065295, 0.833444081369655, 0.836835434452482, 0.8367323355286889, 0.8370957522154557, 0.8337246011697629, 0.8323208633835163, 0.8345241470063218, 0.8371841475996166, 0.8327032705551246, 0.8358546154548917, 0.8327872372186738, 0.838872522192684, 0.8243766029422286, 0.8459339443847461, 0.833801225878697, 0.842538300443781, 0.8480780473304712, 0.8408376990559537, 0.8266760587952272, 0.8375264875788704, 0.8299340396597517, 0.8349532100555723, 0.8334890388747659, 0.8393952114531046, 0.8463456350767943, 0.8409298348409631, 0.8387052156998659, 0.8291334490060904, 0.8393291960757565, 0.8360860738500099, 0.8481623065217366, 0.8448134490029396, 0.8358123758704787, 0.8436308406327597, 0.8463156251680478, 0.8491464066539793, 0.8439340963997453, 0.8359884230857638, 0.8358334774836653, 0.8451203273694647, 0.8384162629344507, 0.8446786629486709, 0.8453467858548904, 0.8403255614127526, 0.8452898192999271, 0.8461224122926865, 0.8372552998386368, 0.8426635172281696, 0.8400175726566206, 0.8288511390869894, 0.8444871078627582, 0.8416818474428989, 0.8470328153098537, 0.8419157461349934, 0.835050915474458, 0.8330586516976012, 0.8470264325379279, 0.8375609567899764, 0.8460573733312232]"
DS_CNN_B,ds_base,42,cuda:1,0.8447013049549386,0.8828472565496787,0.8493972481581865,,,,,,"[0.6329136246597209, 0.6224778896642789, 0.6451409810476351, 0.6625367391534961, 0.6484239132991262, 0.6694110059186363, 0.6808772092417158, 0.6758670994726024, 0.6614131037397344, 0.6766948653802928, 0.6816607362352861, 0.6834924580737588, 0.6680500388235059, 0.6965187915816686, 0.6933155821062899, 0.7107671975809736, 0.7382802342575527, 0.7301095070331, 0.6862541895424931, 0.7437611967235197, 0.7244224407244272, 0.754119015785346, 0.7591923279508641, 0.7374492522018065, 0.7718744199523533, 0.7579460683739555, 0.7593912883828156, 0.7618613055285107, 0.7631419102114273, 0.7645285303805587, 0.7694830191293306, 0.7867486997614592, 0.7878738792761211, 0.7851454261893122, 0.784508389954399, 0.789777682413059, 0.7754600651555521, 0.792678198816832, 0.7993585186660844, 0.794303237048725, 0.8048089537378563, 0.7927816396966845, 0.7971738677019498, 0.8106373575480019, 0.7901866326464237, 0.8006292461365818, 0.8052993563456093, 0.7972914065927201, 0.8079894460815443, 0.8178395515791056, 0.8106243996521525, 0.81020263344389, 0.8034901683757876, 0.8092654096193331, 0.817248887264789, 0.8106898498014597, 0.8101835304456881, 0.8162546636010153, 0.8240615051019992, 0.8201857531344313, 0.8219034534583071, 0.8057024163972626, 0.8117580726959364, 0.8285933385230332, 0.8275649505586863, 0.8219008612979162, 0.8367570412983627, 0.8390529494290863, 0.825065559031137, 0.823291379447518, 0.8298343241980096, 0.8324838579260211, 0.828649095499711, 0.8334646176210595, 0.8348168290578333, 0.8308326607888402, 0.829247765125068, 0.8341088713835455, 0.8390606218821043, 0.8197883027751274, 0.8291529120073203, 0.8405514730043432, 0.8438984940459797, 0.8409741697138641, 0.8322731541586443, 0.8314684087168163, 0.8356887362343205, 0.8215595949544771, 0.8365803408703789, 0.841149316677705, 0.8493972481581865, 0.8443128258444084, 0.8360540574810329, 0.8358029866718751, 0.8382132890070577, 0.8446730835719843, 0.8460994324255005, 0.8361558677407378, 0.8321616105782623, 0.8400049409879127, 0.8443618525875549, 0.8420186673581873, 0.8412756664896704, 0.8382728950411109, 0.838369347208009, 0.8333388625147848, 0.8449833489133193, 0.8359727042633911, 0.8444996688188054, 0.8441489772985207, 0.8430428732466596, 0.8373730593222208, 0.8418112958893464, 0.8417825974212537, 0.8401275946978027, 0.849304811638104]"
DS_TCN_A,ds_base,42,cuda:0,0.8442333510828145,0.8823529411764706,0.8530773484574565,,,,,,"[0.6253975053370037, 0.6444521620528308, 0.6456267326141798, 0.6440079432885439, 0.6060091938746816, 0.6525806654635086, 0.6821633041060418, 0.6855493838233732, 0.6704290610796021, 0.6732658704617224, 0.6813403525903636, 0.6954609640967163, 0.6964134968898704, 0.7001101972250303, 0.712923640053629, 0.6996341412723932, 0.7184630211986219, 0.7268254525438693, 0.7280786010287695, 0.7154703802303444, 0.7274335892613729, 0.7503671271458711, 0.7513705687754021, 0.7519370229975051, 0.7547149733365287, 0.726094544349285, 0.751163836303505, 0.7379705268913245, 0.7513947863651236, 0.7634614631032985, 0.7745757663449607, 0.7606785769623863, 0.7484110383434414, 0.7617642549709556, 0.7787798409741031, 0.7728226980780676, 0.7810779449290826, 0.7879409680426237, 0.7883386470566432, 0.7809471894914637, 0.790555828874599, 0.7865452685586357, 0.7884893358697962, 0.7909414806611417, 0.7980482355431897, 0.8054351220570573, 0.7984409101268062, 0.7966997629561526, 0.8056249419583158, 0.805369218397997, 0.8098715237863964, 0.7958893015802675, 0.8061164908031541, 0.8027611338190745, 0.8159015004410872, 0.8117067665456651, 0.8104684051058255, 0.8161390200567324, 0.8058853368744788, 0.8164157730397134, 0.8111609238591589, 0.8161840085053337, 0.8171471206156313, 0.821613218353547, 0.8029037733306587, 0.8099093378671567, 0.8230949895631169, 0.8145486374734597, 0.8222869139011756, 0.8134749681319373, 0.817462907236678, 0.8197384917532263, 0.8308267256673917, 0.8381019963867897, 0.8261207399946584, 0.8244263730857683, 0.8318550933840253, 0.8199514698980563, 0.8309513301712665, 0.8274189294254729, 0.8352290431854681, 0.8181053663746842, 0.8369189223730298, 0.8300673204024748, 0.8331814594766966, 0.832100934179116, 0.829791003610136, 0.827510204584622, 0.8362867405420079, 0.8339057007733855, 0.8377316998389551, 0.8404761264194012, 0.8288771525065411, 0.8383042729773438, 0.8351136188974408, 0.8413061586894319, 0.8402277488233229, 0.8335285720183916, 0.8314783883948292, 0.8402145607998593, 0.8406000773167375, 0.8410767707266816, 0.8427206024209581, 0.8287899444582499, 0.8420121150995135, 0.8462273432729474, 0.8418934493167679, 0.8434191445629345, 0.8379904615934674, 0.8445172553669665, 0.8434320188566948, 0.8489798586080899, 0.8426890754200705, 0.843686338430593, 0.8458492686930582, 0.8466443281954907, 0.849193497949704, 0.8520582720853119, 0.8521517730508099, 0.8446562702843398, 0.8475863820223245, 0.8451034442400676, 0.8479264914706438, 0.8522094137288679, 0.8530773484574565, 0.8463805359473663, 0.8477911007227956, 0.8445640551053138, 0.8461173429797125, 0.847121848909646, 0.8520706010491494, 0.8478197547631319, 0.8477844942234961, 0.8470538207617767, 0.8473903961377185, 0.8514861116213986, 0.8520202957741485, 0.8480423371107177, 0.8472201834977614, 0.8472174285085744, 0.8478531106961203, 0.8481131775712486, 0.8477848016739499, 0.8460795020887975, 0.8469877474909209, 0.8417794564677986, 0.8478085384833168, 0.8478538242631933, 0.8473267251659572, 0.8488181802390463]"
DS_Transformer_A,ds_base,42,cuda:0,0.8093549165452613,0.856648541769649,0.8203148358982724,,,,,,"[0.5765188771209019, 0.6036476596599075, 0.6071033885516611, 0.6188904629889805, 0.6324755871723619, 0.6305584168620656, 0.644379659219784, 0.6429487965556157, 0.6522903688790753, 0.659201975641277, 0.6491035608457449, 0.6771373658154839, 0.6712224385065763, 0.6700247634029979, 0.6847543550620818, 0.6744505037066603, 0.6616061596248427, 0.6743145206200349, 0.6855899235379171, 0.6758975116082382, 0.6839214409889757, 0.6997861065179058, 0.6831563317776519, 0.7023439515285267, 0.6894852369909948, 0.6886797152922209, 0.7072267539550989, 0.7152599851174208, 0.6965767072624326, 0.7123923981650394, 0.7248329012914567, 0.7292760848053643, 0.721306519039577, 0.7076090201903862, 0.7310828018048054, 0.7266385564402752, 0.7143313748778415, 0.7139256580615287, 0.7407225337139413, 0.741743364714779, 0.7309528639450649, 0.7403145916308469, 0.7524302773139984, 0.7413206313419798, 0.7438283719361183, 0.7439443908635751, 0.7226081154366677, 0.7390597145550893, 0.7339014632941259, 0.7391327753276161, 0.7504851916503932, 0.7543839684628476, 0.7588040629810139, 0.7582097895805701, 0.7548799324935664, 0.762899662390423, 0.772904712136497, 0.7618013929216559, 0.7681770110763517, 0.7702847344032707, 0.7700976291275505, 0.778768262949898, 0.7753952367431391, 0.7819360464914601, 0.7868863754076193, 0.7871429186017722, 0.7905405186213212, 0.7876433262522021, 0.7720137879668607, 0.7726681153505891, 0.7773315859912021, 0.7936380388484815, 0.7927664556089267, 0.7915811845039802, 0.7959868933228481, 0.7963262855090864, 0.8034868168006339, 0.7893527275417027, 0.799635812253554, 0.7877107118454632, 0.7920216686865452, 0.8114882712524644, 0.8000463142564254, 0.7977490021246934, 0.8053181175523821, 0.8018199257944153, 0.8165601252569562, 0.8181481204921462, 0.8063933578653347, 0.7893018661089882, 0.8075600395393853, 0.8066784355426272, 0.8069947597198931, 0.8052215942630444, 0.8092719677094428, 0.7992893304163797, 0.8060724664771367, 0.8079799309687351, 0.798561970690747, 0.8088422420634906, 0.8107985632182232, 0.8092892771273851, 0.8068808517948804, 0.8077849656884767, 0.8110780138711957, 0.8110545666443011, 0.8142161325015284, 0.8128569801162695, 0.8166959316004351, 0.8203148358982724, 0.8172973681136898, 0.8177406261605729, 0.8181947865471794, 0.8169044275589796, 0.8085078283052043, 0.815562466200787, 0.8139924243439561, 0.8153749606166345, 0.8175314951191276, 0.8148641129805144, 0.8081449432785504, 0.8110264440743717, 0.8200976262009136, 0.8158827093551556, 0.8142772513525343, 0.813346073657232, 0.81675558223946, 0.8140644601256686, 0.816715383359269, 0.8200172345484558, 0.8117225030464258, 0.8140826903933708, 0.8158230470187813, 0.8149704987529308, 0.8151191589835771]"
DS_Transformer_B,ds_base,42,cuda:1,0.7257640732411244,0.7938704893722195,0.7368685576251134,,,,,,"[0.5810912831380485, 0.5880904945431602, 0.5909941880217786, 0.5769209876053075, 0.6379416207541381, 0.629377149761708, 0.6454260541666879, 0.6338339785775375, 0.6252686156792473, 0.627408012116753, 0.6347273781073656, 0.6148556932952228, 0.6318856724222054, 0.6468822095999628, 0.6412411402693142, 0.6215163748041268, 0.634719170237183, 0.6362121052323143, 0.6480891420412545, 0.6625696210687095, 0.6437770584941895, 0.6648483701522553, 0.6390824098297501, 0.6526946854374729, 0.6683595878164977, 0.663976227059964, 0.650880038227631, 0.6678816626226587, 0.6551695655631906, 0.6683450851039976, 0.669072591066694, 0.6595920565199324, 0.6715016630841899, 0.6873395768526261, 0.6806269102213962, 0.6732811900734773, 0.6653101165089884, 0.6761415711548319, 0.6508021416082372, 0.6816450461109451, 0.6789916362487229, 0.6819337728829812, 0.6741684065953647, 0.6840865316763871, 0.679973302736455, 0.6951027912879072, 0.6905672311148455, 0.6904286517561685, 0.68010341024844, 0.7008751362811058, 0.695794746210738, 0.6902722530075012, 0.6894157524656316, 0.6902210836868964, 0.6834870129889289, 0.6951220887232041, 0.6857265202167708, 0.6964627668814409, 0.6902507322786937, 0.6869152731445354, 0.6855716039487666, 0.7069227741850646, 0.6996628881160374, 0.6975457320615502, 0.6953330868563613, 0.6978000829802677, 0.7135919937891603, 0.7068098763247478, 0.7018242865755804, 0.7017852007599567, 0.6997595526739219, 0.7027226283863249, 0.7091274505333975, 0.7000910639984704, 0.7068112593185097, 0.7122352201377303, 0.7070258474053824, 0.7197332644860077, 0.7016719546435629, 0.6977643549443504, 0.6967249084686328, 0.7084610481480779, 0.7078473769071444, 0.7176323724374793, 0.7153607248471542, 0.7122233959290151, 0.7053929036462014, 0.7143021650669029, 0.717498254220883, 0.7089538986723419, 0.7128472579691062, 0.7058898076520312, 0.7310149506628816, 0.7221562994570871, 0.7125895733728994, 0.7158497103538493, 0.7292138039691377, 0.7235728754888258, 0.7242986789678051, 0.7097323811697978, 0.7224664152430166, 0.7134500155267464, 0.7242632126832199, 0.7090465296937333, 0.7236665823413884, 0.7182372254280085, 0.7286006079110738, 0.7260333037241158, 0.7223942490006316, 0.7264624333756147, 0.7263253716499957, 0.7206773232638578, 0.7321177738141841, 0.7325860959565228, 0.7243822439777922, 0.7201434348462182, 0.7234647362169989, 0.72354951397634, 0.7329302103330426, 0.7285653964835229, 0.7287043570800177, 0.7228321329192728, 0.7178200349708462, 0.7234357450239107, 0.7228763855661623, 0.726429318015007, 0.7192978762744991, 0.7368685576251134, 0.7326169277162434, 0.7318609166165558, 0.730115236465251, 0.7317693434986836, 0.7283408713846878, 0.7267780052203601, 0.7282907942124405, 0.7267726286760944, 0.72836682158183, 0.7292389355244656, 0.7284598639880081, 0.7259149614639656, 0.7277098092748655, 0.7284187566000181, 0.7317246106830104, 0.7284971364986095, 0.727646666089397, 0.7284469887210541, 0.7292678090819779, 0.7292967117166546, 0.730096961076677, 0.730096961076677]"
DS_BiLSTM_A,ds_base,42,cuda:0,0.6936842940427309,0.7696490360850222,0.7104686451545315,,,,,,"[0.5996959802642706, 0.6175202308910521, 0.6087917359732005, 0.6236678060508019, 0.6039351013426462, 0.6123203607589045, 0.6253747027187738, 0.628904753999395, 0.6167060510886742, 0.6332888833978291, 0.6242464792010605, 0.6282172214341152, 0.6411749933815419, 0.630575077629366, 0.6370647348104851, 0.631204816766481, 0.6331662493913907, 0.6413450222586538, 0.6422927432465678, 0.6442198039985999, 0.6403727383150043, 0.6426976139030761, 0.6410906507513142, 0.6526656506280423, 0.6444670886255974, 0.6530144437379747, 0.6558126700931605, 0.6552985469617182, 0.6517705129536189, 0.6552068368373224, 0.6474805736135844, 0.6645181958579055, 0.6336982923706709, 0.6642143358548166, 0.6646091185173606, 0.6469393819718968, 0.6515226882256646, 0.6633344519340032, 0.6550372419016436, 0.6558798401781561, 0.666051169054754, 0.67679203695348, 0.667524998469355, 0.6629109434291862, 0.6656381839251696, 0.6748675829597919, 0.6693679344784462, 0.6632055802739893, 0.6735220724327344, 0.6731541894987663, 0.6762798255499682, 0.6828044270350272, 0.6706115282693433, 0.6880949206381107, 0.686690050791303, 0.6788955033227543, 0.679209432645986, 0.6780143224783844, 0.67741264868747, 0.6846700018558023, 0.6838547747680661, 0.6787926129752649, 0.6752498280824228, 0.6780624970924237, 0.6790091310029099, 0.6902099953201702, 0.6795693235060642, 0.6838363080780817, 0.6876259333921787, 0.6913898834661584, 0.6879538844742604, 0.682830379056866, 0.6884770715902024, 0.6843440161863145, 0.6898553992821722, 0.6882432634165065, 0.6967179990706405, 0.6871701683013134, 0.6935746183138566, 0.7035472094316055, 0.6883087387657623, 0.691533093640917, 0.6963331704884202, 0.7016264864114135, 0.695934269746857, 0.6973481566344331, 0.6951524296244056, 0.6882077981042624, 0.7010802099294455, 0.6938085060685538, 0.6952062433854527, 0.7034323603790754, 0.6950063964614404, 0.6931748105336353, 0.6996509570420463, 0.7040700634774935, 0.703204859750603, 0.7004023103849183, 0.6986909988686759, 0.7049790773226491, 0.6987750927714923, 0.6981209597035423, 0.6998767487296628, 0.7056031718823551, 0.7054624930574256, 0.6977932523503464, 0.704643680781954, 0.7086713992085375, 0.7066729135872171, 0.6989559634831186, 0.704002194117594, 0.7071228105583591, 0.6998706333532779, 0.7080350538223505, 0.7022694909434586, 0.7078800867106023, 0.7014147101644389, 0.7064365856384633, 0.7061455522240505, 0.7038075165429704, 0.7037664338502204, 0.7062420836592858, 0.7078153676024328, 0.7098778435483158, 0.7029537027618761, 0.7048659770027255, 0.7088308954214786, 0.7063030145020395, 0.7053631330616826, 0.706282744564999, 0.7071732334847833, 0.7086434599080557, 0.7054504543740199, 0.7071075105438502, 0.706282744564999, 0.7104686451545315, 0.7088229304883652, 0.7086928575513829, 0.7087826979191625, 0.7096139211233913, 0.7095448398653503, 0.7079451054518902, 0.7079451054518902, 0.7087826979191625, 0.7087826979191625, 0.7079649576726282, 0.7087826979191625, 0.7087826979191625, 0.7079649576726282, 0.7079649576726282]"
DS_BiLSTM_B,ds_base,42,cuda:1,0.6898661625396187,0.7656945130993574,0.6988247513044242,,,,,,"[0.5617376559900027, 0.5912287063375445, 0.6104028294337212, 0.5929070433707495, 0.6204350571855112, 0.599309495141836, 0.6283784075627785, 0.6265137368574089, 0.6088805717776195, 0.6216598905781735, 0.6201634023139767, 0.6182258854876577, 0.6107214194534061, 0.6300768079211482, 0.5931272801954431, 0.6276633621500479, 0.6279473432828121, 0.622313981231512, 0.6245200674546745, 0.6293812753216089, 0.6280938238908113, 0.625665399326135, 0.6432751333502859, 0.6317454433583689, 0.6424084758491843, 0.6342760449014074, 0.64033116328623, 0.637258836720693, 0.6538493754284, 0.6408368851941427, 0.6432327386661465, 0.6416554639345233, 0.6443166500168513, 0.6460781928510554, 0.6300807288957543, 0.6335282757579684, 0.6456529414613349, 0.6589332174758775, 0.6450704672256548, 0.6477267191631811, 0.6401830490307446, 0.6539552820296819, 0.6617388463169689, 0.6534972864553849, 0.6498273493963792, 0.6557898993925668, 0.6585052191152413, 0.66046097082791, 0.6553129705421484, 0.6619975824404404, 0.662787174825874, 0.661605319949281, 0.6657419875023007, 0.6626089433088871, 0.6492936327140754, 0.6679038204005144, 0.6598958224782643, 0.6660268890872657, 0.6659035123380402, 0.6647078915701136, 0.6715541945199889, 0.6746839969532498, 0.6786822304538487, 0.6689376685700131, 0.6772912256648508, 0.6796488658444081, 0.6696289461449322, 0.6763363889055188, 0.66423869231026, 0.6739809179399482, 0.6656124753845138, 0.6702502792552704, 0.6753263182783701, 0.6737812160726228, 0.6788190484956796, 0.6846416505673443, 0.6750914940239262, 0.6844816878975645, 0.673100861094613, 0.6649452307072853, 0.6762168184390808, 0.6862022463935005, 0.6700005038275784, 0.6734754841943524, 0.6736631030120184, 0.6763732864781468, 0.6803889463024624, 0.6695781629299613, 0.6909427693620162, 0.6895866882162575, 0.6827570057039084, 0.6831106650308557, 0.6855134337443941, 0.6909137861188488, 0.6870487201827572, 0.6839801952971609, 0.6892660593754907, 0.6909339548513879, 0.6890612408361557, 0.6898774338373093, 0.6915300461511059, 0.6886535331269024, 0.6866587734052131, 0.6813920550353489, 0.6794527146263554, 0.6894791842574133, 0.6916769991674435, 0.6958415472950137, 0.6892961650815498, 0.6951712093709623, 0.6940753004775299, 0.6920603075434993, 0.6907710499453202, 0.6970931660948585, 0.6988247513044242, 0.6848879149635729, 0.6914612295026796, 0.6957393862890339, 0.6937174625436813, 0.6895649555859256, 0.690402169907523, 0.6940050852528884, 0.6863165045064403, 0.6903084810682695, 0.6896888258934496, 0.6866317880770487, 0.6905669016490558, 0.6964253909282601, 0.6897380704345258, 0.6923249080215909, 0.6929917958732295, 0.6922762876961138, 0.6931826574122815, 0.6947811699409657, 0.6956457690245977, 0.6920584594674678, 0.6921347754040408, 0.6964703779119531, 0.6946627268719165, 0.6963727842301914]"
DS_TCN_B,ds_base,42,cuda:1,0.8051206682544507,0.8531883341571923,0.8079842781690925,,,,,,"[0.6236076881877485, 0.6024888382786123, 0.6368261319195043, 0.6046208586028848, 0.6160503287650048, 0.6180673337575936, 0.6175625060210408, 0.6361933322548217, 0.6578359372942082, 0.6328074907600739, 0.6403596479633966, 0.6624053778750213, 0.6260218459073205, 0.6322524567097191, 0.6375722607492674, 0.6497044341644304, 0.6478869222474785, 0.6378499751116427, 0.6359974273869734, 0.6516282176167761, 0.6332069242102031, 0.6270010313474015, 0.6293186330361872, 0.6462170459531993, 0.6275458587017878, 0.6618024016474693, 0.6411936467119488, 0.6253713535060955, 0.6572770189111983, 0.6639194861635396, 0.6566859184959368, 0.6468749189146683, 0.6476228474784178, 0.6508877217098865, 0.6614951231237322, 0.6659186789767266, 0.665038045588536, 0.6540366922771862, 0.6663508548895817, 0.6544011956639139, 0.6356284279893909, 0.67233416031649, 0.6746760710591796, 0.6928781911341088, 0.6779981911561469, 0.6730661221301327, 0.686839070914428, 0.682452141640945, 0.6825640710531646, 0.7052606706004171, 0.6993191964942591, 0.6986755677029916, 0.7021822574927221, 0.6990442033679294, 0.7044587847763258, 0.6884163392403571, 0.6564398684447754, 0.6856155436396469, 0.6855193916970282, 0.6961202973405696, 0.6893648680105874, 0.7214567033439006, 0.7129186809384371, 0.7101853913991342, 0.7098162942714927, 0.7002178202050595, 0.7169643060017353, 0.713426207071116, 0.7256074871574535, 0.7051979903946463, 0.7070247484227429, 0.7082040713762504, 0.7211452539383573, 0.7148298258423248, 0.7443357239719126, 0.7301578972131083, 0.7291156481678949, 0.726404385620502, 0.7377667597714127, 0.7250475951859965, 0.7418001748371764, 0.7548803427781733, 0.7546350996788734, 0.7551716464888696, 0.73823467470283, 0.7441722926791544, 0.751603048106076, 0.7597380516718969, 0.7440500030100878, 0.7506045522218424, 0.7579920655314903, 0.7619063722805755, 0.7600690206015216, 0.7633489705065345, 0.7400529054575844, 0.7667678860195369, 0.7545681427787893, 0.7695220939613435, 0.7671601221641564, 0.762885051378045, 0.7670377356962311, 0.7492055328362255, 0.7811493104411851, 0.7719400924130595, 0.7697113793224504, 0.7687068925002223, 0.7829851652873738, 0.7629604939789633, 0.7706767391622021, 0.7772858306351941, 0.7768790629337651, 0.7754905831773439, 0.7872307131089907, 0.7892026384891272, 0.7880529820515831, 0.7809503740529993, 0.7814479600926368, 0.785288696205582, 0.7868959132110075, 0.791690056141203, 0.79428453642844, 0.7995506574456323, 0.7877318676420729, 0.7940485212505083, 0.7949030719953141, 0.7896348265083803, 0.7981352465401842, 0.7997750990116362, 0.7956970420339833, 0.7948507240339724, 0.7996960033550553, 0.8056195700180601, 0.8021199933950381, 0.7938653130295898, 0.8079842781690925, 0.800568589338785, 0.8047679739053485, 0.8020194134396329, 0.8021482209053318, 0.8021773295496933, 0.8004412377352791, 0.80215957024639, 0.7960383760833353, 0.8021767366548831, 0.8038945766272532, 0.801476217869771, 0.8012130127840859, 0.7988463861081313, 0.8004394888636288, 0.8038555094537668]"
DS_CNN2DRNN_A,ds_base,42,cuda:0,0.8140094347671771,0.8601087493821058,0.8121194576629971,,,,,,"[0.6146858927375304, 0.6142881065656672, 0.6358257835977849, 0.6387588553346569, 0.6500365067548228, 0.6531516185796206, 0.6500431743247961, 0.6649334372076825, 0.6660232065544301, 0.6796212983904161, 0.6827410249654002, 0.67502360866456, 0.6687756821030787, 0.685321439072187, 0.6890802823810361, 0.6945191047234118, 0.6857209659757756, 0.6716313780397957, 0.6952347313441604, 0.6986718667668905, 0.7051174128521307, 0.7142046278631354, 0.7026890586335716, 0.7237035268688516, 0.7227401870159934, 0.7249337093146059, 0.7308316096840929, 0.737073451880728, 0.7269445773085477, 0.7276235193532095, 0.7459985551167787, 0.7445041344600624, 0.747990453240346, 0.7503445390088171, 0.7527075228135727, 0.740103733783593, 0.7561586268285987, 0.7577259728228506, 0.7554513128882506, 0.758468631597886, 0.758274281591378, 0.7792051209333403, 0.7683958792235019, 0.7624894642912128, 0.7539887923491994, 0.7676528682930788, 0.7706605034470034, 0.7776440491144413, 0.7715877339346903, 0.776543700391948, 0.7613217088385256, 0.7791935996360652, 0.7829823218211804, 0.7742972093163232, 0.7790667359450708, 0.7754364291615434, 0.7765634835650773, 0.7777216783963272, 0.7761778551076975, 0.782192691220519, 0.7824993956985619, 0.7911145083860907, 0.7836008149384239, 0.7781489302131936, 0.7896773263996387, 0.7881813442020873, 0.7866963555121773, 0.7863792265449558, 0.797680010520303, 0.7787833960944615, 0.7853845032749177, 0.7910967852963687, 0.7727933675998762, 0.7879368175717005, 0.798850475702216, 0.7954606532400537, 0.7903005097183812, 0.7945259373182668, 0.7943344884842143, 0.788642748250951, 0.8009249769363462, 0.7868151044187238, 0.7844313310506096, 0.791869633064845, 0.790360796226898, 0.7925279002676274, 0.7867958208352288, 0.8053867940854426, 0.7971209184032615, 0.7929894217265986, 0.8069141639566172, 0.7958337572149398, 0.7974321060470441, 0.7987150059249615, 0.7984192291028357, 0.801537245075718, 0.7936937428228438, 0.7970608826978848, 0.7940780730721284, 0.8023388667052794, 0.8060446258947462, 0.7998291027079014, 0.7985063410259663, 0.7900215318244337, 0.7998072572951397, 0.8075318490219551, 0.8013510245524985, 0.8036540204759236, 0.8004704009194388, 0.8091141041881742, 0.8048214380274801, 0.7941662669799814, 0.8005639881340574, 0.7972078051787518, 0.8028951369157121, 0.7970695374609974, 0.7954342651490591, 0.8022263645992406, 0.8011762534247893, 0.8013420829106394, 0.8037267420302887, 0.797739984238008, 0.799334811603299, 0.8086043373907745, 0.8044859808711612, 0.8001259493555573, 0.8035773770564268, 0.8043030939474233, 0.7976214771461705, 0.8097457239512846, 0.8061488708077026, 0.804620386971814, 0.8095501998944414, 0.8105925486973098, 0.7968952093688718, 0.8087563380614725, 0.803536485101251, 0.7961701711309296, 0.8121194576629971, 0.8036691865807678, 0.8105263599855822, 0.8043834413990426, 0.8060966705937789, 0.8062134032393111, 0.8027290897605939, 0.8044456094613723, 0.8018811649493229, 0.7977417751276091, 0.7994052007530713, 0.7970158403794805]"
DS_CNN2DRNN_B,ds_base,42,cuda:1,0.832896082730883,0.8744438952051409,0.8255427138182265,,,,,,"[0.5547375341509511, 0.6209374793527535, 0.5807918835649437, 0.6021415628908451, 0.6333172426431343, 0.6125563317693568, 0.6455800582417656, 0.6167155540503844, 0.6376996452683841, 0.6398334976633825, 0.6422746252147472, 0.6566467003754438, 0.6374359292200461, 0.6469365728210166, 0.6448542325246566, 0.6662190824447531, 0.6556653604609061, 0.653116198095017, 0.6283856121594644, 0.66765700799139, 0.661540046938098, 0.677753423854619, 0.6618333697749672, 0.6540368836800344, 0.6796108760420021, 0.6902866298316128, 0.6785271090146103, 0.6905462432109324, 0.7135535382761176, 0.6851752451245746, 0.702514349401511, 0.7063132341824431, 0.6953186952125487, 0.716780197880683, 0.7113875189620865, 0.7266550828641619, 0.7273877478273917, 0.7326129824249193, 0.7265292562032085, 0.7207818168461846, 0.7381514322226377, 0.7259343939419989, 0.7348412019200767, 0.7254721427403389, 0.7360489549389436, 0.732894237466508, 0.7549185725335888, 0.7392008336947494, 0.7562395144158452, 0.7619157232230083, 0.7531919609155207, 0.7531351195595141, 0.7601507632320005, 0.7541546934545887, 0.7668404229530231, 0.7595279232971757, 0.7643376118924314, 0.7734879898836455, 0.7796794252782466, 0.7702338994015782, 0.7803895574958929, 0.7911234560500315, 0.7795184838754775, 0.7729383638242172, 0.7830105358208171, 0.7826868680312884, 0.7836490636939583, 0.7792299783173245, 0.7883503118228521, 0.7715661653420574, 0.7811852445943298, 0.8070593205644861, 0.7976397458234639, 0.7970353584832875, 0.7913779875663975, 0.7973622766996016, 0.7953261857815476, 0.7985839402713371, 0.8039096939452784, 0.8095163447228297, 0.8037828909483508, 0.8055792164373815, 0.803348834018488, 0.7976938335793216, 0.8101960800475437, 0.8132311553050894, 0.8029669259510156, 0.8071610870953915, 0.7934319923191662, 0.8117428051384996, 0.8069900816298794, 0.8152995319334775, 0.8103368082023955, 0.8061242102401996, 0.8167063261340907, 0.8069242697184199, 0.8043251294376559, 0.8099290662715489, 0.8076427532623814, 0.8140859830167776, 0.8074928952446848, 0.8034748258235224, 0.8044708120153194, 0.8158657127079818, 0.8200184215613084, 0.8144697928354574, 0.8149947534008347, 0.8160708935521381, 0.8140867322077626, 0.8092481101372347, 0.8150462200612606, 0.82167678971307, 0.812285449108255, 0.8199210931478436, 0.80486446708614, 0.8173087692337949, 0.8150260141881535, 0.8164107371909592, 0.8198922795424582, 0.8206149405357585, 0.8143166488352829, 0.8174112624661969, 0.8216897348059689, 0.8255427138182265, 0.8191109169538917, 0.8147734518815029, 0.8240210552922044, 0.8205710642408881, 0.8147292866531424, 0.814840413304049, 0.8164065439923262, 0.8213967082140518, 0.8131279270950545, 0.8155636613710616, 0.8057796026964805, 0.8130598846387117, 0.8156131611107469, 0.8123523466861344, 0.8123754491247892, 0.8173464064415094, 0.8173112993166816, 0.8148143659598835, 0.8222711581627302, 0.8139822860717804, 0.8230915847096643, 0.8148593117574839, 0.8173061237587346, 0.8172623996044281, 0.8222890975281043]"
DS_Mamba_A,ds_base,42,cuda:0,0.8018956279699125,0.8512110726643599,0.8103262220594616,,,,,,"[0.5937346801804743, 0.6229337603286594, 0.6328718022697724, 0.6475074961074638, 0.646713644472168, 0.6478152452122702, 0.6588698455085279, 0.6732339032994126, 0.6668666355340771, 0.6770701563331453, 0.6760304319381771, 0.6721686880935915, 0.6885544339433457, 0.6869489202373105, 0.6831805223373068, 0.6894615425624999, 0.7114347186079913, 0.7011171456002695, 0.7059632730542268, 0.700130795008105, 0.7094661713893268, 0.7091279534312326, 0.7339281253155575, 0.7133851163419886, 0.7139328705919336, 0.7260784976490572, 0.7338364929520549, 0.7202201560965651, 0.7249447527167147, 0.7317994097434521, 0.7234227395228865, 0.7585636585690513, 0.7530280318310867, 0.7403110088269893, 0.7479687396624033, 0.7443892207952553, 0.738908077752523, 0.7540916878691165, 0.7583076512302236, 0.7707432818851517, 0.7583738824720612, 0.7661113082762125, 0.7632510674018367, 0.7722462190438921, 0.7698801839442879, 0.7686304269482886, 0.7691334887932637, 0.7686306778495647, 0.758147918477253, 0.7756299729889586, 0.7668528463351897, 0.7839017534911945, 0.7594574620365225, 0.7820185428069168, 0.7905452371861474, 0.7905067480872717, 0.7807171780688654, 0.7787243980620984, 0.7785552122350266, 0.7831509623345064, 0.7810141416848, 0.7892674883990418, 0.7812649986523471, 0.7955624061070803, 0.7892200869244917, 0.7894336034298448, 0.7881251237659039, 0.787194115607079, 0.7835651698860377, 0.7869976448772028, 0.7940600375801837, 0.7950399858435765, 0.7989128267663479, 0.7983309202908195, 0.800032453518474, 0.7952177499831894, 0.798321937893802, 0.7951350216063712, 0.7894276924355645, 0.7934287453680693, 0.7974796215395117, 0.7835421647441269, 0.7913386136416056, 0.7971050622956937, 0.7917455491954499, 0.7925048159875518, 0.8031695521190034, 0.7968043303354523, 0.7961413832144301, 0.7852115740174107, 0.7901682663361566, 0.8007998070004133, 0.7996093732508319, 0.795546332973949, 0.7986022779598495, 0.7935399893237747, 0.8059393060791804, 0.8053996281972683, 0.7949624708113032, 0.8011280532795461, 0.8026466859180844, 0.7926750721769799, 0.8093619581107884, 0.7967504385260622, 0.7959574976529437, 0.7911252126425329, 0.8032275142628563, 0.7994352883633085, 0.8103262220594616, 0.8011029882209637, 0.8033998213153106, 0.7958566170470286, 0.7970014373421124, 0.8004040048218232, 0.7942985852347569, 0.7950236377395915, 0.7909738150961733, 0.7944539049789088, 0.796962385423026, 0.8012231961410301, 0.796801141889917, 0.8044651008044633, 0.8003236326422793, 0.7994288686864969, 0.7977683894840507, 0.8009421039390576, 0.8010185372836838, 0.7995199047130477, 0.7968134163173849, 0.798856995476993, 0.7962727356330183, 0.795236734557766, 0.795141849457352, 0.7943995571950446]"
DS_Mamba_B,ds_base,42,cuda:1,0.8184777003796673,0.8635689569945625,0.8209044375913829,,,,,,"[0.6212878160152732, 0.6335409546385915, 0.6383598646299962, 0.6322881350483874, 0.6511261567245988, 0.6587478291558125, 0.6693671722432358, 0.6686356131940555, 0.6871453101812929, 0.686255087860345, 0.6930514684465163, 0.6857281018661232, 0.7017979996977494, 0.7150862647751817, 0.7291022599503185, 0.7155472227834817, 0.7278694627294842, 0.7374927589661412, 0.7137952236709525, 0.7464294299065805, 0.7536658172329282, 0.7533066094602238, 0.7407901276254075, 0.7553623099533124, 0.7468026555084563, 0.7585451041738347, 0.7583629425632454, 0.7487938981797506, 0.7714312512107718, 0.7606884813957262, 0.7631773882831924, 0.7545015016899748, 0.7768177223125865, 0.7591625810829074, 0.77736411898176, 0.7632802143675467, 0.7791429503480682, 0.7673365152621534, 0.7676149754328602, 0.773687098261029, 0.76991588761096, 0.7898352164265022, 0.7797041350638823, 0.7852262807399824, 0.7828932140168886, 0.7856873709879696, 0.7624591347076939, 0.7995031607030868, 0.7909953517736233, 0.7952645880330682, 0.7892025356992293, 0.8012427092166166, 0.7817330892158899, 0.7951011727024856, 0.8050764198957931, 0.8014145000302175, 0.7988777139903139, 0.7843252466348235, 0.7847270369253578, 0.7924313540252024, 0.7983940066620772, 0.7921329207593877, 0.7944220571716363, 0.8065030698429506, 0.7887974387123405, 0.8011302325980398, 0.8069166108667346, 0.8098365656191051, 0.7819394736635615, 0.8014389179195899, 0.8161861001187987, 0.8064953008905965, 0.7973804513088348, 0.8096746801967182, 0.8048093301003857, 0.8092651775877672, 0.806787014658701, 0.8022969806302488, 0.8030400548177732, 0.8014080095366356, 0.8014762009246088, 0.8032585033258928, 0.8170456773295351, 0.8128507102356842, 0.8168285200929586, 0.8060736562358626, 0.8120463625910365, 0.8105962273520613, 0.8142823779250579, 0.812232463739029, 0.8180121100015466, 0.8102218437224171, 0.8134203676176058, 0.8175209793769207, 0.8190179987155208, 0.8141562127330998, 0.8121666874702617, 0.806640654345376, 0.8044448861535178, 0.8017487110397222, 0.8129295299816438, 0.8103457055312024, 0.8092846948966499, 0.7999479375441155, 0.8077792510403644, 0.8202512509229841, 0.808608027879516, 0.8170888756346203, 0.8167204790865177, 0.8182306213265883, 0.8134153957197856, 0.8123764749526579, 0.8184299656363256, 0.8151302361169133, 0.8123292833834794, 0.8089932054378178, 0.8141173716502803, 0.8114914903653545, 0.8165280610981477, 0.8167649047416846, 0.8209044375913829, 0.8132724738579726, 0.8166623996033118, 0.8207886139843363, 0.8132182648487788, 0.8200462992870327, 0.8149479157549674, 0.8149767544258639, 0.8132428167918488, 0.8141896751774818, 0.8140486461419164, 0.8157977026505863, 0.8125298130156835, 0.8141383108038205, 0.816542216774513, 0.8166217172327654, 0.8149798111455964, 0.8157700836632912, 0.8174487992050734, 0.8165899462010805, 0.814940356047172, 0.814940356047172, 0.8141286817607271, 0.814958834637596, 0.814958834637596, 0.814958834637596]"
DeepStackEnsemble,deep_stack,42,cuda:0,0.858496526804032,0.893722194760257,0.8586968125492037,,,,,,"[0.8337925306045211, 0.8399927475595381, 0.8451395709647336, 0.8549071337533777, 0.8539218408657936, 0.8519791501526996, 0.8570655262954459, 0.8522784073978594, 0.8562111087575378, 0.8427993081772939, 0.8538302627148479, 0.8586968125492037, 0.854671823528513, 0.8529579134857666, 0.8537745200077567, 0.8522293837034474, 0.8513281589073217, 0.8512057188739124, 0.8554444761294806, 0.8562389986718658, 0.8510617200147932, 0.8435659831638366, 0.8511813640979731, 0.8569161697350115]"
