data,seed,members,bagged_caruana,plain_avg,rank_avg,entropy_weighted,lr_stack_best_C,lr_stack_mcc,timestamp
dataset.csv,42,lejepa|t_jepa|ts_jepa|sigreg|mamba3_cnn|deepstack|knn|logreg|gp|catboost|rocket|catch22,0.8450867705959597,0.7694889088260447,-0.2884028510712272,0.7844223241862956,1.0,0.8597565318571749,2026-08-20 04:19
dataset.csv,42,"sigreg|ts_jepa|t_jepa",0.8744,0.8628,0.8744,0.8744,2.0,0.8744,2026-08-20 05:05
dataset.csv,42,t_jepa|ts_jepa|sigreg,0.8481415955208076,0.8627702766937241,-0.3035680164042764,0.862854551247211,1.0,0.870709104659985,2026-08-20 05:32
dataset.csv,42,t_jepa|ts_jepa|sigreg,0.8481415955208076,0.8627702766937241,-0.3035680164042764,0.862854551247211,2.0,0.8744377088623829,2026-08-20 05:32
dataset_augmented.csv,42,lejepa|t_jepa|ts_jepa|cf_jepa|sigreg|mamba3_cnn|deepstack|cnn|tcn|gru|lstm|bilstm,0.8714013928130452,0.8485338650431331,-0.3216486757182726,0.8709539820842752,1.0,0.8829823295979277,2026-08-20 11:59
dataset_augmented.csv,42,lejepa|t_jepa|ts_jepa|cf_jepa|sigreg|mamba3_cnn|deepstack|cnn|tcn|gru|lstm|bilstm,0.8714013928130452,0.8485338650431331,-0.3216553802524206,0.8709539820842752,0.5,0.8823986280529735,2026-08-20 12:00
dataset.icaisf.csv,42,lejepa|t_jepa|ts_jepa|cf_jepa|sigreg|mamba3_cnn|deepstack|cnn|tcn|gru|lstm|bilstm,0.8832046327314096,0.8664739390270559,-0.3200944487514033,0.8813535387778669,0.01,0.8902888704557814,2026-08-20 12:01
dataset.icaisf.csv,42,lejepa|t_jepa|ts_jepa|cf_jepa|sigreg|mamba3_cnn|deepstack|cnn|tcn|gru|lstm|bilstm,0.8832046327314096,0.8664739390270559,-0.32016820336675306,0.8813535387778669,0.01,0.8902888704557814,2026-08-20 12:01
dataset_augmented.csv,42,"12 DL members (deepstack 0.852, sigreg 0.845, mamba3_cnn 0.811, ts_jepa 0.790)",0.8714,0.8485,0.8710,0.8830,1.0,0.8830,2026-08-20 11:20
dataset.icaisf.csv,42,"12 DL members (sigreg 0.886, deepstack 0.881, ts_jepa 0.860, mamba3_cnn 0.857)",0.8714,0.8485,0.8710,0.8903,0.01,0.8903,2026-08-20 11:25
dataset.icaisf.csv,42,lejepa|ts_jepa|cf_jepa|sigreg|mamba3_cnn|mamba3_tcn|mamba3_transformer|mamba3_multiview|sigreg_s3|sigreg_s5|deepstack|cnn|tcn|gru|lstm|bilstm,0.8705511757924932,0.8872245441359908,-0.3250366009571076,0.8872245441359908,0.5,0.8900818050914954,2026-08-21 14:17
dataset.icaisf.csv,42,lejepa|ts_jepa|cf_jepa|sigreg|mamba3_cnn|mamba3_tcn|mamba3_transformer|mamba3_multiview|sigreg_s3|sigreg_s5|deepstack|cnn|tcn|gru|lstm|bilstm,0.8705511757924932,0.8872245441359908,-0.32462451258287495,0.8872245441359908,0.5,0.8900818050914954,2026-08-21 14:18
dataset.icaisf.csv,42,lejepa|ts_jepa|cf_jepa|sigreg|mamba3_cnn|mamba3_tcn|mamba3_transformer|mamba3_multiview|sigreg_s3|sigreg_s5|deepstack|cnn|tcn|gru|lstm|bilstm,0.8705511757924932,0.8872245441359908,-0.3240840017159579,0.8872245441359908,0.5,0.8872656254596817,2026-08-21 14:44
dataset.csv,42,lejepa|ts_jepa|cf_jepa|sigreg|mamba3_cnn|mamba3_tcn|mamba3_transformer|mamba3_multiview|sigreg_s3|sigreg_s5|deepstack|cnn|tcn|gru|lstm|bilstm,0.8645906320498321,0.834679641405329,-0.31201954469490734,0.84408917025347,1.0,0.8745352351247759,2026-08-21 14:46
dataset.csv,42,ts_jepa|cf_jepa|mamba3_cnn|mamba3_tcn|mamba3_transformer|mamba3_multiview|sigreg_s3|sigreg_s5|deepstack|cnn|tcn|gru|lstm|bilstm,0.7888943563293653,0.6065272250021471,-0.2982010828711598,0.5717317713149506,1.0,0.797888426955805,2026-08-22 01:18
dataset.csv,42,ts_jepa|cf_jepa|mamba3_cnn|mamba3_tcn|mamba3_transformer|mamba3_multiview|sigreg_s3|sigreg_s5|deepstack|cnn|tcn|gru|lstm|bilstm,0.7888943563293653,0.6083104094218401,-0.29818390383196536,0.5717317713149506,1.0,0.797888426955805,2026-08-22 01:20
dataset.icaisf.csv,42,ts_jepa|cf_jepa|mamba3_cnn|deepstack|cnn|tcn|gru|lstm|bilstm,0.8838141938008073,0.8489220817432885,-0.31918937500071237,0.8699506988137391,10.0,0.8847659427854877,2026-08-23 02:31
dataset.icaisf.csv,42,lejepa|t_jepa|ts_jepa|cf_jepa|sigreg|sigreg_s3|sigreg_s5|mamba3_cnn|mamba3_tcn|mamba3_transformer|mamba3_multiview|hpo_gru|hpo_lstm|hpo_cnn|hpo_mamba|deepstack|cnn|tcn|gru|lstm|bilstm,0.8705511757924932,0.8813776171601775,-0.31626229234725317,0.8872656254596817,0.005,0.8872656254596817,2026-08-23 16:24
dataset.icaisf.csv,42,lejepa|t_jepa|ts_jepa|cf_jepa|sigreg|sigreg_s3|sigreg_s5|mamba3_cnn|mamba3_tcn|mamba3_transformer|mamba3_multiview|hpo_gru|hpo_lstm|hpo_cnn|hpo_mamba|deepstack|cnn|tcn|gru|lstm|bilstm,0.8705511757924932,0.8813776171601775,-0.3133457183629019,0.8872656254596817,0.005,0.8872656254596817,2026-08-23 16:29
dataset.icaisf.csv,42,lejepa|t_jepa|ts_jepa|cf_jepa|sigreg|sigreg_s3|sigreg_s5|mamba3_cnn|mamba3_tcn|mamba3_transformer|mamba3_multiview|hpo_gru|hpo_lstm|hpo_cnn|hpo_mamba|deepstack|cnn|tcn|gru|lstm|bilstm,0.8705511757924932,0.8845067611323275,-0.31652478996704275,0.8872656254596817,0.005,0.8903536660756425,2026-08-23 16:31
dataset.icaisf.csv,42,lejepa|t_jepa|ts_jepa|cf_jepa|sigreg|sigreg_s3|sigreg_s5|mamba3_cnn|mamba3_tcn|mamba3_transformer|mamba3_multiview|hpo_gru|hpo_lstm|hpo_cnn|hpo_mamba|deepstack|cnn|tcn|gru|lstm|bilstm,0.8705511757924932,0.8845067611323275,-0.3158204583320436,0.8872656254596817,0.005,0.8872656254596817,2026-08-23 16:33
dataset.icaisf.csv,42,lejepa|t_jepa|ts_jepa|cf_jepa|sigreg|sigreg_s3|sigreg_s5|mamba3_cnn|mamba3_tcn|mamba3_transformer|mamba3_multiview|hpo_gru|hpo_lstm|hpo_cnn|hpo_mamba|deepstack|cnn|tcn|gru|lstm|bilstm|knn|logreg|gp|catboost|rocket|catch22,0.8705511757924932,0.8691495844434163,-0.3258875447523337,0.8750875137096928,0.02,0.8872656254596817,2026-08-23 16:38
