mac,1,2,3,4,5,6,7,8,9,10,label,noise
4e:9a:ff:cd:da:f3,-39.0,-40.0,-39.0,-43.0,-51.0,-55.0,-60.0,-53.0,-46.0,-48.0,AB,True
4e:9a:ff:cd:da:f3,-37.0,-38.0,-36.0,-43.0,-58.0,-50.0,-51.0,-47.0,-43.0,-47.0,AB,True
4e:9a:ff:cd:da:f3,-38.0,-38.0,-36.0,-36.0,-52.0,-53.0,-52.0,-51.0,-49.0,-50.0,AB,True
4e:9a:ff:cd:da:f3,-39.0,-39.0,-36.0,-45.0,-50.0,-54.0,-57.0,-55.0,-50.0,-49.0,AB,True
4e:9a:ff:cd:da:f3,-39.0,-41.0,-37.0,-43.0,-51.0,-53.0,-63.0,-54.0,-51.0,-50.0,AB,True
4e:9a:ff:cd:da:f3,-39.0,-43.0,-41.0,-33.0,-51.0,-54.0,-52.0,-52.0,-57.0,-53.0,AB,True
4e:9a:ff:cd:da:f3,-39.0,-38.0,-39.0,-41.0,-58.0,-60.0,-50.0,-53.0,-49.0,-52.0,AB,True
4e:9a:ff:cd:da:f3,-40.0,-46.0,-39.0,-35.0,-46.0,-51.0,-61.0,-52.0,-53.0,-51.0,AB,True
4e:9a:ff:cd:da:f3,-40.0,-36.0,-41.0,-39.0,-57.0,-55.0,-57.0,-48.0,-57.0,-51.0,AB,True
4e:9a:ff:cd:da:f3,-44.0,-37.0,-40.0,-37.0,-62.0,-53.0,-54.0,-46.0,-50.0,-51.0,AB,True
4e:9a:ff:cd:da:f3,-38.0,-36.0,-47.0,-48.0,-53.0,-53.0,-56.0,-57.0,-52.0,-45.0,AB,True
4e:9a:ff:cd:da:f3,-41.0,-39.0,-38.0,-39.0,-44.0,-54.0,-54.0,-55.0,-52.0,-52.0,AB,True
4e:9a:ff:cd:da:f3,-40.0,-39.0,-39.0,-55.0,-54.0,-46.0,-50.0,-48.0,-49.0,-50.0,AB,True
4e:9a:ff:cd:da:f3,-43.0,-42.0,-34.0,-52.0,-55.0,-56.0,-53.0,-49.0,-55.0,-49.0,AB,True
4e:9a:ff:cd:da:f3,-38.0,-38.0,-38.0,-38.0,-38.0,-38.0,-60.0,-60.0,-46.0,-46.0,AB,True
4e:9a:ff:cd:da:f3,-38.0,-39.0,-41.0,-36.0,-45.0,-63.0,-61.0,-59.0,-55.0,-46.0,AB,True
4e:9a:ff:cd:da:f3,-44.0,-38.0,-33.0,-50.0,-62.0,-59.0,-59.0,-49.0,-53.0,-44.0,AB,True
4e:9a:ff:cd:da:f3,-39.0,-40.0,-35.0,-60.0,-53.0,-50.0,-56.0,-54.0,-48.0,-47.0,AB,True
4e:9a:ff:cd:da:f3,-38.0,-38.0,-35.0,-51.0,-58.0,-56.0,-58.0,-49.0,-46.0,-52.0,AB,True
4e:9a:ff:cd:da:f3,-38.0,-41.0,-36.0,-46.0,-54.0,-61.0,-47.0,-49.0,-52.0,-49.0,AB,True
4e:9a:ff:cd:da:f3,-39.0,-39.0,-37.0,-47.0,-47.0,-53.0,-56.0,-47.0,-48.0,-47.0,AB,True
4e:9a:ff:cd:da:f3,-37.0,-41.0,-34.0,-47.0,-52.0,-47.0,-47.0,-50.0,-49.0,-51.0,AB,True
4e:9a:ff:cd:da:f3,-40.0,-44.0,-36.0,-47.0,-52.0,-55.0,-50.0,-55.0,-49.0,-50.0,AB,True
4e:9a:ff:cd:da:f3,-42.0,-42.0,-39.0,-54.0,-51.0,-52.0,-58.0,-52.0,-42.0,-53.0,AB,True
4e:9a:ff:cd:da:f3,-39.0,-45.0,-37.0,-52.0,-53.0,-59.0,-53.0,-48.0,-47.0,-47.0,AB,True
4e:9a:ff:cd:da:f3,-38.0,-35.0,-31.0,-50.0,-54.0,-52.0,-60.0,-56.0,-56.0,-54.0,AB,True
4e:9a:ff:cd:da:f3,-38.0,-38.0,-36.0,-46.0,-52.0,-56.0,-45.0,-52.0,-48.0,-52.0,AB,True
4e:9a:ff:cd:da:f3,-38.0,-37.0,-36.0,-46.0,-54.0,-49.0,-51.0,-49.0,-55.0,-47.0,AB,True
4e:9a:ff:cd:da:f3,-41.0,-37.0,-40.0,-48.0,-50.0,-56.0,-51.0,-57.0,-49.0,-47.0,AB,True
4e:9a:ff:cd:da:f3,-40.0,-37.0,-34.0,-51.0,-53.0,-57.0,-49.0,-48.0,-44.0,-55.0,AB,True
04:b1:67:ac:8d:65,-56.0,-49.0,-39.0,-47.0,-41.0,-49.0,-45.0,-49.0,-49.0,-44.0,BA,True
04:b1:67:ac:8d:65,-40.0,-46.0,-47.0,-47.0,-54.0,-38.0,-50.0,-40.0,-47.0,-57.0,BA,True
04:b1:67:ac:8d:65,-50.0,-48.0,-46.0,-40.0,-49.0,-49.0,-44.0,-45.0,-45.0,-47.0,BA,True
04:b1:67:ac:8d:65,-44.0,-54.0,-43.0,-49.0,-44.0,-33.0,-42.0,-41.0,-45.0,-41.0,BA,True
04:b1:67:ac:8d:65,-49.0,-47.0,-51.0,-52.0,-38.0,-44.0,-43.0,-51.0,-42.0,-52.0,BA,True
04:b1:67:ac:8d:65,-52.0,-49.0,-49.0,-48.0,-49.0,-38.0,-43.0,-47.0,-48.0,-45.0,BA,True
04:b1:67:ac:8d:65,-51.0,-49.0,-47.0,-51.0,-55.0,-45.0,-48.0,-42.0,-47.0,-50.0,BA,True
04:b1:67:ac:8d:65,-44.0,-43.0,-53.0,-44.0,-47.0,-39.0,-56.0,-46.0,-46.0,-52.0,BA,True
04:b1:67:ac:8d:65,-54.0,-53.0,-44.0,-44.0,-43.0,-38.0,-36.0,-50.0,-40.0,-45.0,BA,True
04:b1:67:ac:8d:65,-44.0,-43.0,-43.0,-43.0,-50.0,-36.0,-48.0,-46.0,-41.0,-46.0,BA,True
04:b1:67:ac:8d:65,-50.0,-46.0,-41.0,-52.0,-50.0,-41.0,-44.0,-47.0,-45.0,-48.0,BA,True
04:b1:67:ac:8d:65,-54.0,-54.0,-47.0,-45.0,-42.0,-58.0,-42.0,-52.0,-47.0,-48.0,BA,True
04:b1:67:ac:8d:65,-46.0,-44.0,-40.0,-40.0,-43.0,-37.0,-54.0,-44.0,-44.0,-46.0,BA,True
04:b1:67:ac:8d:65,-44.0,-57.0,-46.0,-41.0,-43.0,-41.0,-42.0,-50.0,-45.0,-40.0,BA,True
04:b1:67:ac:8d:65,-49.0,-47.0,-52.0,-39.0,-30.0,-43.0,-51.0,-40.0,-44.0,-46.0,BA,True
04:b1:67:ac:8d:65,-47.0,-47.0,-37.0,-49.0,-33.0,-48.0,-51.0,-46.0,-47.0,-43.0,BA,True
04:b1:67:ac:8d:65,-60.0,-51.0,-45.0,-61.0,-37.0,-48.0,-43.0,-47.0,-52.0,-41.0,BA,True
04:b1:67:ac:8d:65,-48.0,-54.0,-46.0,-49.0,-44.0,-40.0,-50.0,-46.0,-44.0,-41.0,BA,True
04:b1:67:ac:8d:65,-69.0,-40.0,-40.0,-52.0,-38.0,-42.0,-47.0,-43.0,-48.0,-43.0,BA,True
04:b1:67:ac:8d:65,-48.0,-48.0,-49.0,-51.0,-40.0,-49.0,-45.0,-45.0,-41.0,-52.0,BA,True
04:b1:67:ac:8d:65,-56.0,-50.0,-44.0,-53.0,-35.0,-38.0,-42.0,-45.0,-40.0,-38.0,BA,True
04:b1:67:ac:8d:65,-54.0,-42.0,-55.0,-54.0,-36.0,-53.0,-39.0,-47.0,-50.0,-44.0,BA,True
04:b1:67:ac:8d:65,-49.0,-48.0,-46.0,-58.0,-36.0,-41.0,-49.0,-47.0,-45.0,-37.0,BA,True
04:b1:67:ac:8d:65,-62.0,-59.0,-43.0,-49.0,-39.0,-37.0,-45.0,-49.0,-45.0,-44.0,BA,True
04:b1:67:ac:8d:65,-54.0,-47.0,-63.0,-57.0,-49.0,-39.0,-52.0,-46.0,-47.0,-38.0,BA,True
04:b1:67:ac:8d:65,-46.0,-40.0,-42.0,-49.0,-37.0,-49.0,-57.0,-52.0,-38.0,-37.0,BA,True
04:b1:67:ac:8d:65,-50.0,-57.0,-49.0,-50.0,-38.0,-38.0,-42.0,-40.0,-41.0,-42.0,BA,True
04:b1:67:ac:8d:65,-60.0,-59.0,-48.0,-56.0,-33.0,-44.0,-50.0,-43.0,-43.0,-40.0,BA,True
04:b1:67:ac:8d:65,-49.0,-48.0,-52.0,-46.0,-38.0,-44.0,-41.0,-53.0,-46.0,-53.0,BA,True
04:b1:67:ac:8d:65,-54.0,-56.0,-53.0,-53.0,-37.0,-36.0,-19.0,-32.0,-44.0,-41.0,BA,True
00:be:3b:9e:7f:14,-50.0,-38.0,-60.0,-41.0,-51.0,-51.0,-51.0,-47.0,-55.0,-58.0,AB,True
00:be:3b:9e:7f:14,-56.0,-56.0,-71.0,-49.0,-42.0,-63.0,-39.0,-49.0,-61.0,-43.0,AB,True
00:be:3b:9e:7f:14,-43.0,-49.0,-57.0,-45.0,-53.0,-36.0,-41.0,-47.0,-47.0,-49.0,AB,True
00:be:3b:9e:7f:14,-44.0,-58.0,-60.0,-56.0,-47.0,-48.0,-44.0,-55.0,-45.0,-45.0,AB,True
00:be:3b:9e:7f:14,-42.0,-49.0,-54.0,-43.0,-53.0,-50.0,-49.0,-46.0,-60.0,-54.0,AB,True
00:be:3b:9e:7f:14,-40.0,-49.0,-56.0,-58.0,-50.0,-44.0,-46.0,-49.0,-47.0,-52.0,AB,True
00:be:3b:9e:7f:14,-42.0,-55.0,-60.0,-45.0,-59.0,-46.0,-39.0,-55.0,-50.0,-64.0,AB,True
00:be:3b:9e:7f:14,-47.0,-62.0,-51.0,-55.0,-39.0,-50.0,-53.0,-46.0,-48.0,-52.0,AB,True
00:be:3b:9e:7f:14,-40.0,-54.0,-51.0,-53.0,-52.0,-52.0,-49.0,-42.0,-53.0,-53.0,AB,True
00:be:3b:9e:7f:14,-42.0,-46.0,-53.0,-58.0,-56.0,-43.0,-54.0,-45.0,-46.0,-58.0,AB,True
00:be:3b:9e:7f:14,-44.0,-45.0,-63.0,-53.0,-42.0,-54.0,-39.0,-46.0,-47.0,-49.0,AB,True
00:be:3b:9e:7f:14,-55.0,-51.0,-58.0,-60.0,-54.0,-31.0,-47.0,-40.0,-44.0,-53.0,AB,True
00:be:3b:9e:7f:14,-43.0,-54.0,-62.0,-52.0,-36.0,-50.0,-43.0,-50.0,-44.0,-60.0,AB,True
00:be:3b:9e:7f:14,-51.0,-49.0,-48.0,-44.0,-37.0,-49.0,-47.0,-51.0,-52.0,-47.0,AB,True
00:be:3b:9e:7f:14,-40.0,-53.0,-61.0,-47.0,-51.0,-44.0,-40.0,-46.0,-44.0,-44.0,AB,True
00:be:3b:9e:7f:14,-51.0,-41.0,-53.0,-53.0,-56.0,-38.0,-49.0,-51.0,-50.0,-47.0,AB,True
00:be:3b:9e:7f:14,-46.0,-60.0,-50.0,-33.0,-47.0,-51.0,-47.0,-51.0,-51.0,-68.0,AB,True
00:be:3b:9e:7f:14,-41.0,-46.0,-51.0,-38.0,-45.0,-45.0,-42.0,-43.0,-59.0,-62.0,AB,True
00:be:3b:9e:7f:14,-41.0,-56.0,-50.0,-50.0,-44.0,-49.0,-52.0,-54.0,-49.0,-45.0,AB,True
00:be:3b:9e:7f:14,-46.0,-55.0,-51.0,-47.0,-48.0,-41.0,-49.0,-50.0,-52.0,-68.0,AB,True
00:be:3b:9e:7f:14,-47.0,-60.0,-48.0,-31.0,-54.0,-53.0,-46.0,-42.0,-57.0,-63.0,AB,True
00:be:3b:9e:7f:14,-40.0,-62.0,-56.0,-47.0,-50.0,-53.0,-52.0,-44.0,-61.0,-65.0,AB,True
00:be:3b:9e:7f:14,-56.0,-58.0,-46.0,-30.0,-55.0,-46.0,-47.0,-51.0,-47.0,-54.0,AB,True
00:be:3b:9e:7f:14,-49.0,-49.0,-48.0,-47.0,-43.0,-42.0,-55.0,-45.0,-47.0,-68.0,AB,True
00:be:3b:9e:7f:14,-42.0,-54.0,-52.0,-38.0,-48.0,-52.0,-42.0,-49.0,-56.0,-52.0,AB,True
00:be:3b:9e:7f:14,-44.0,-49.0,-45.0,-35.0,-54.0,-45.0,-57.0,-50.0,-50.0,-61.0,AB,True
00:be:3b:9e:7f:14,-39.0,-55.0,-54.0,-56.0,-45.0,-38.0,-40.0,-48.0,-55.0,-47.0,AB,True
00:be:3b:9e:7f:14,-52.0,-54.0,-60.0,-48.0,-35.0,-48.0,-44.0,-47.0,-41.0,-52.0,AB,True
00:be:3b:9e:7f:14,-43.0,-48.0,-55.0,-34.0,-51.0,-50.0,-53.0,-50.0,-55.0,-58.0,AB,True
00:be:3b:9e:7f:14,-44.0,-55.0,-52.0,-35.0,-43.0,-39.0,-47.0,-45.0,-65.0,-62.0,AB,True
5c:77:76:80:95:6f,-42.0,-35.0,-23.0,-37.0,-44.0,-55.0,-62.0,-57.0,-50.0,-54.0,AB,True
5c:77:76:80:95:6f,-40.0,-37.0,-30.0,-21.0,-41.0,-46.0,-52.0,-62.0,-70.0,-55.0,AB,True
5c:77:76:80:95:6f,-36.0,-34.0,-31.0,-24.0,-37.0,-56.0,-62.0,-58.0,-54.0,-56.0,AB,True
5c:77:76:80:95:6f,-42.0,-42.0,-21.0,-28.0,-33.0,-54.0,-54.0,-64.0,-66.0,-52.0,AB,True
5c:77:76:80:95:6f,-40.0,-38.0,-33.0,-36.0,-51.0,-59.0,-65.0,-62.0,-56.0,-52.0,AB,True
5c:77:76:80:95:6f,-37.0,-29.0,-34.0,-22.0,-32.0,-60.0,-55.0,-67.0,-62.0,-64.0,AB,True
5c:77:76:80:95:6f,-37.0,-34.0,-31.0,-21.0,-49.0,-58.0,-59.0,-57.0,-64.0,-53.0,AB,True
5c:77:76:80:95:6f,-41.0,-38.0,-29.0,-21.0,-43.0,-50.0,-60.0,-70.0,-56.0,-61.0,AB,True
5c:77:76:80:95:6f,-41.0,-40.0,-29.0,-40.0,-44.0,-57.0,-58.0,-60.0,-50.0,-47.0,AB,True
5c:77:76:80:95:6f,-40.0,-33.0,-32.0,-27.0,-49.0,-62.0,-76.0,-68.0,-63.0,-56.0,AB,True
5c:77:76:80:95:6f,-45.0,-33.0,-28.0,-31.0,-46.0,-57.0,-61.0,-60.0,-64.0,-49.0,AB,True
5c:77:76:80:95:6f,-39.0,-41.0,-40.0,-26.0,-12.0,-41.0,-56.0,-59.0,-56.0,-61.0,AB,True
5c:77:76:80:95:6f,-52.0,-40.0,-32.0,-12.0,-31.0,-54.0,-58.0,-55.0,-64.0,-47.0,AB,True
5c:77:76:80:95:6f,-40.0,-43.0,-32.0,-14.0,-44.0,-53.0,-61.0,-65.0,-61.0,-57.0,AB,True
5c:77:76:80:95:6f,-35.0,-33.0,-34.0,-21.0,-44.0,-56.0,-57.0,-63.0,-57.0,-59.0,AB,True
5c:77:76:80:95:6f,-35.0,-35.0,-33.0,-25.0,-37.0,-52.0,-61.0,-59.0,-54.0,-62.0,AB,True
5c:77:76:80:95:6f,-40.0,-37.0,-26.0,-45.0,-56.0,-67.0,-59.0,-55.0,-44.0,-48.0,AB,True
5c:77:76:80:95:6f,-37.0,-37.0,-26.0,-35.0,-57.0,-62.0,-61.0,-62.0,-47.0,-48.0,AB,True
5c:77:76:80:95:6f,-41.0,-33.0,-25.0,-35.0,-58.0,-58.0,-61.0,-66.0,-56.0,-50.0,AB,True
5c:77:76:80:95:6f,-37.0,-45.0,-22.0,-44.0,-50.0,-59.0,-65.0,-69.0,-53.0,-52.0,AB,True
5c:77:76:80:95:6f,-49.0,-36.0,-23.0,-37.0,-44.0,-61.0,-60.0,-58.0,-60.0,-43.0,AB,True
5c:77:76:80:95:6f,-42.0,-38.0,-28.0,-35.0,-53.0,-57.0,-56.0,-56.0,-58.0,-48.0,AB,True
5c:77:76:80:95:6f,-39.0,-39.0,-27.0,-41.0,-46.0,-53.0,-62.0,-59.0,-66.0,-46.0,AB,True
5c:77:76:80:95:6f,-41.0,-33.0,-28.0,-42.0,-53.0,-60.0,-53.0,-62.0,-60.0,-47.0,AB,True
5c:77:76:80:95:6f,-36.0,-32.0,-28.0,-43.0,-51.0,-59.0,-58.0,-64.0,-47.0,-51.0,AB,True
5c:77:76:80:95:6f,-48.0,-33.0,-20.0,-50.0,-49.0,-60.0,-56.0,-68.0,-65.0,-53.0,AB,True
5c:77:76:80:95:6f,-44.0,-36.0,-31.0,-34.0,-43.0,-59.0,-59.0,-53.0,-71.0,-53.0,AB,True
5c:77:76:80:95:6f,-47.0,-39.0,-30.0,-38.0,-44.0,-67.0,-65.0,-52.0,-58.0,-53.0,AB,True
5c:77:76:80:95:6f,-47.0,-34.0,-34.0,-16.0,-54.0,-56.0,-63.0,-72.0,-57.0,-50.0,AB,True
5c:77:76:80:95:6f,-42.0,-31.0,-20.0,-37.0,-49.0,-63.0,-64.0,-58.0,-47.0,-52.0,AB,True
6e:7c:a5:0f:91:c6,-33.0,-31.0,-29.0,-48.0,-58.0,-50.0,-56.0,-45.0,-42.0,-50.0,AB,True
6e:7c:a5:0f:91:c6,-30.0,-35.0,-28.0,-53.0,-53.0,-65.0,-58.0,-55.0,-53.0,-49.0,AB,True
6e:7c:a5:0f:91:c6,-31.0,-31.0,-27.0,-45.0,-58.0,-58.0,-55.0,-56.0,-67.0,-51.0,AB,True
6e:7c:a5:0f:91:c6,-28.0,-29.0,-32.0,-55.0,-54.0,-58.0,-64.0,-64.0,-50.0,-50.0,AB,True
6e:7c:a5:0f:91:c6,-32.0,-38.0,-33.0,-42.0,-53.0,-48.0,-57.0,-47.0,-49.0,-50.0,AB,True
6e:7c:a5:0f:91:c6,-30.0,-36.0,-29.0,-31.0,-57.0,-57.0,-50.0,-58.0,-50.0,-50.0,AB,True
6e:7c:a5:0f:91:c6,-30.0,-30.0,-35.0,-55.0,-53.0,-59.0,-53.0,-45.0,-52.0,-45.0,AB,True
6e:7c:a5:0f:91:c6,-30.0,-30.0,-29.0,-46.0,-45.0,-67.0,-54.0,-52.0,-57.0,-60.0,AB,True
6e:7c:a5:0f:91:c6,-31.0,-33.0,-33.0,-58.0,-50.0,-56.0,-55.0,-46.0,-52.0,-46.0,AB,True
6e:7c:a5:0f:91:c6,-28.0,-33.0,-33.0,-56.0,-61.0,-60.0,-49.0,-46.0,-52.0,-44.0,AB,True
6e:7c:a5:0f:91:c6,-31.0,-32.0,-35.0,-48.0,-51.0,-51.0,-55.0,-52.0,-54.0,-45.0,AB,True
6e:7c:a5:0f:91:c6,-29.0,-29.0,-29.0,-29.0,-29.0,-29.0,-29.0,-29.0,-29.0,-29.0,AB,True
6e:7c:a5:0f:91:c6,-52.0,-52.0,-52.0,-52.0,-52.0,-52.0,-52.0,-52.0,-52.0,-52.0,AB,True
6e:7c:a5:0f:91:c6,-38.0,-38.0,-38.0,-38.0,-38.0,-38.0,-38.0,-38.0,-38.0,-38.0,AB,True
6e:7c:a5:0f:91:c6,-56.0,-56.0,-56.0,-56.0,-56.0,-56.0,-56.0,-56.0,-56.0,-56.0,AB,True
6e:7c:a5:0f:91:c6,-48.0,-48.0,-48.0,-48.0,-48.0,-48.0,-48.0,-48.0,-48.0,-48.0,AB,True
6e:7c:a5:0f:91:c6,-50.0,-50.0,-36.0,-36.0,-36.0,-36.0,-50.0,-58.0,-58.0,-58.0,AB,True
6e:7c:a5:0f:91:c6,-58.0,-58.0,-58.0,-63.0,-63.0,-63.0,-63.0,-63.0,-63.0,-63.0,AB,True
6e:7c:a5:0f:91:c6,-63.0,-63.0,-63.0,-63.0,-63.0,-63.0,-63.0,-63.0,-63.0,-43.0,AB,True
6e:7c:a5:0f:91:c6,-43.0,-43.0,-43.0,-43.0,-43.0,-43.0,-43.0,-50.0,-46.0,-46.0,AB,True
6e:7c:a5:0f:91:c6,-46.0,-46.0,-46.0,-46.0,-46.0,-46.0,-46.0,-46.0,-46.0,-46.0,AB,True
6e:7c:a5:0f:91:c6,-45.0,-45.0,-45.0,-45.0,-45.0,-45.0,-45.0,-45.0,-45.0,-45.0,AB,True
6e:7c:a5:0f:91:c6,-32.0,-32.0,-32.0,-52.0,-52.0,-52.0,-52.0,-52.0,-52.0,-52.0,AB,True
6e:7c:a5:0f:91:c6,-52.0,-52.0,-52.0,-52.0,-57.0,-57.0,-57.0,-57.0,-57.0,-57.0,AB,True
6e:7c:a5:0f:91:c6,-57.0,-57.0,-57.0,-57.0,-57.0,-57.0,-57.0,-57.0,-57.0,-43.0,AB,True
6e:7c:a5:0f:91:c6,-45.0,-45.0,-45.0,-45.0,-45.0,-45.0,-45.0,-45.0,-45.0,-45.0,AB,True
6e:7c:a5:0f:91:c6,-41.0,-41.0,-41.0,-41.0,-41.0,-41.0,-41.0,-41.0,-41.0,-41.0,AB,True
6e:7c:a5:0f:91:c6,-29.0,-29.0,-29.0,-29.0,-29.0,-29.0,-29.0,-29.0,-29.0,-29.0,AB,True
6e:7c:a5:0f:91:c6,-29.0,-29.0,-29.0,-29.0,-60.0,-61.0,-61.0,-61.0,-61.0,-61.0,AB,True
6e:7c:a5:0f:91:c6,-61.0,-61.0,-61.0,-61.0,-61.0,-66.0,-66.0,-66.0,-66.0,-46.0,AB,True
f6:12:7b:46:29:86,-46.0,-46.0,-41.0,-46.0,-38.0,-34.0,-42.0,-44.0,-39.0,-37.0,BA,True
f6:12:7b:46:29:86,-41.0,-50.0,-39.0,-37.0,-47.0,-38.0,-34.0,-44.0,-43.0,-41.0,BA,True
f6:12:7b:46:29:86,-46.0,-45.0,-52.0,-41.0,-43.0,-45.0,-42.0,-45.0,-48.0,-43.0,BA,True
f6:12:7b:46:29:86,-48.0,-44.0,-42.0,-49.0,-47.0,-40.0,-38.0,-39.0,-47.0,-43.0,BA,True
f6:12:7b:46:29:86,-51.0,-50.0,-50.0,-49.0,-43.0,-40.0,-45.0,-42.0,-43.0,-42.0,BA,True
f6:12:7b:46:29:86,-42.0,-52.0,-46.0,-45.0,-52.0,-39.0,-35.0,-46.0,-47.0,-41.0,BA,True
f6:12:7b:46:29:86,-45.0,-44.0,-48.0,-48.0,-51.0,-41.0,-34.0,-46.0,-41.0,-44.0,BA,True
f6:12:7b:46:29:86,-45.0,-44.0,-45.0,-46.0,-46.0,-42.0,-42.0,-42.0,-35.0,-40.0,BA,True
f6:12:7b:46:29:86,-46.0,-45.0,-44.0,-42.0,-41.0,-39.0,-30.0,-42.0,-40.0,-47.0,BA,True
f6:12:7b:46:29:86,-47.0,-42.0,-45.0,-47.0,-44.0,-41.0,-36.0,-45.0,-47.0,-44.0,BA,True
f6:12:7b:46:29:86,-48.0,-44.0,-42.0,-52.0,-41.0,-35.0,-42.0,-48.0,-39.0,-36.0,BA,True
f6:12:7b:46:29:86,-42.0,-44.0,-44.0,-54.0,-49.0,-57.0,-46.0,-39.0,-44.0,-43.0,BA,True
f6:12:7b:46:29:86,-44.0,-39.0,-43.0,-41.0,-45.0,-44.0,-39.0,-43.0,-45.0,-42.0,BA,True
f6:12:7b:46:29:86,-43.0,-48.0,-44.0,-41.0,-43.0,-34.0,-43.0,-44.0,-49.0,-46.0,BA,True
f6:12:7b:46:29:86,-44.0,-48.0,-41.0,-47.0,-45.0,-38.0,-30.0,-40.0,-44.0,-44.0,BA,True
f6:12:7b:46:29:86,-41.0,-42.0,-40.0,-52.0,-47.0,-36.0,-37.0,-45.0,-45.0,-37.0,BA,True
f6:12:7b:46:29:86,-46.0,-54.0,-56.0,-43.0,-43.0,-40.0,-47.0,-40.0,-37.0,-46.0,BA,True
f6:12:7b:46:29:86,-48.0,-49.0,-44.0,-48.0,-36.0,-41.0,-37.0,-50.0,-44.0,-44.0,BA,True
f6:12:7b:46:29:86,-49.0,-41.0,-46.0,-51.0,-41.0,-41.0,-42.0,-41.0,-39.0,-47.0,BA,True
f6:12:7b:46:29:86,-43.0,-52.0,-49.0,-49.0,-41.0,-43.0,-43.0,-40.0,-50.0,-45.0,BA,True
f6:12:7b:46:29:86,-44.0,-42.0,-47.0,-56.0,-43.0,-35.0,-35.0,-33.0,-51.0,-45.0,BA,True
f6:12:7b:46:29:86,-43.0,-44.0,-46.0,-45.0,-38.0,-44.0,-42.0,-35.0,-44.0,-45.0,BA,True
f6:12:7b:46:29:86,-42.0,-49.0,-42.0,-56.0,-53.0,-40.0,-35.0,-43.0,-47.0,-46.0,BA,True
f6:12:7b:46:29:86,-44.0,-42.0,-46.0,-47.0,-41.0,-38.0,-38.0,-37.0,-40.0,-40.0,BA,True
f6:12:7b:46:29:86,-66.0,-47.0,-44.0,-55.0,-42.0,-46.0,-41.0,-40.0,-37.0,-42.0,BA,True
f6:12:7b:46:29:86,-52.0,-44.0,-49.0,-49.0,-38.0,-36.0,-45.0,-40.0,-42.0,-46.0,BA,True
f6:12:7b:46:29:86,-46.0,-43.0,-56.0,-53.0,-44.0,-41.0,-36.0,-43.0,-46.0,-44.0,BA,True
f6:12:7b:46:29:86,-51.0,-44.0,-48.0,-41.0,-41.0,-41.0,-35.0,-36.0,-46.0,-51.0,BA,True
f6:12:7b:46:29:86,-44.0,-53.0,-49.0,-54.0,-43.0,-37.0,-41.0,-41.0,-40.0,-41.0,BA,True
f6:12:7b:46:29:86,-46.0,-40.0,-39.0,-43.0,-42.0,-38.0,-34.0,-39.0,-36.0,-44.0,BA,True
4a:ff:61:0a:f6:20,-48.0,-48.0,-48.0,-50.0,-50.0,-50.0,-50.0,-39.0,-39.0,-39.0,BA,True
4a:ff:61:0a:f6:20,-58.0,-53.0,-53.0,-53.0,-53.0,-53.0,-53.0,-53.0,-53.0,-53.0,BA,True
4a:ff:61:0a:f6:20,-46.0,-47.0,-47.0,-47.0,-47.0,-47.0,-47.0,-47.0,-47.0,-47.0,BA,True
4a:ff:61:0a:f6:20,-47.0,-52.0,-56.0,-56.0,-56.0,-56.0,-56.0,-56.0,-56.0,-56.0,BA,True
4a:ff:61:0a:f6:20,-46.0,-46.0,-46.0,-46.0,-46.0,-46.0,-46.0,-46.0,-46.0,-46.0,BA,True
4a:ff:61:0a:f6:20,-54.0,-54.0,-54.0,-54.0,-54.0,-54.0,-54.0,-54.0,-54.0,-54.0,BA,True
4a:ff:61:0a:f6:20,-66.0,-66.0,-66.0,-66.0,-66.0,-66.0,-66.0,-66.0,-66.0,-66.0,BA,True
4a:ff:61:0a:f6:20,-52.0,-49.0,-49.0,-49.0,-49.0,-49.0,-49.0,-49.0,-49.0,-49.0,BA,True
4a:ff:61:0a:f6:20,-49.0,-49.0,-47.0,-47.0,-47.0,-47.0,-47.0,-47.0,-47.0,-47.0,BA,True
4a:ff:61:0a:f6:20,-50.0,-50.0,-50.0,-50.0,-50.0,-40.0,-28.0,-36.0,-39.0,-39.0,BA,True
4a:ff:61:0a:f6:20,-46.0,-46.0,-46.0,-46.0,-46.0,-46.0,-46.0,-46.0,-46.0,-46.0,BA,True
4a:ff:61:0a:f6:20,-51.0,-51.0,-51.0,-61.0,-61.0,-61.0,-61.0,-61.0,-61.0,-61.0,BA,True
4a:ff:61:0a:f6:20,-61.0,-45.0,-45.0,-45.0,-45.0,-45.0,-45.0,-45.0,-45.0,-45.0,BA,True
4a:ff:61:0a:f6:20,-45.0,-45.0,-45.0,-40.0,-42.0,-42.0,-42.0,-42.0,-42.0,-39.0,BA,True
4a:ff:61:0a:f6:20,-39.0,-39.0,-39.0,-39.0,-39.0,-39.0,-39.0,-39.0,-39.0,-39.0,BA,True
4a:ff:61:0a:f6:20,-50.0,-50.0,-50.0,-50.0,-50.0,-50.0,-35.0,-35.0,-35.0,-35.0,BA,True
4a:ff:61:0a:f6:20,-45.0,-56.0,-56.0,-56.0,-46.0,-46.0,-46.0,-46.0,-46.0,-46.0,BA,True
4a:ff:61:0a:f6:20,-36.0,-36.0,-36.0,-36.0,-36.0,-36.0,-36.0,-36.0,-36.0,-36.0,BA,True
4a:ff:61:0a:f6:20,-51.0,-51.0,-51.0,-51.0,-51.0,-51.0,-51.0,-51.0,-51.0,-51.0,BA,True
4a:ff:61:0a:f6:20,-41.0,-41.0,-41.0,-41.0,-41.0,-41.0,-41.0,-41.0,-41.0,-41.0,BA,True
4a:ff:61:0a:f6:20,-41.0,-46.0,-46.0,-46.0,-46.0,-46.0,-46.0,-46.0,-46.0,-46.0,BA,True
4a:ff:61:0a:f6:20,-46.0,-46.0,-46.0,-46.0,-48.0,-33.0,-33.0,-33.0,-33.0,-33.0,BA,True
4a:ff:61:0a:f6:20,-33.0,-33.0,-33.0,-33.0,-33.0,-33.0,-33.0,-33.0,-33.0,-45.0,BA,True
4a:ff:61:0a:f6:20,-45.0,-45.0,-45.0,-45.0,-45.0,-45.0,-45.0,-45.0,-45.0,-45.0,BA,True
4a:ff:61:0a:f6:20,-49.0,-49.0,-49.0,-49.0,-49.0,-49.0,-49.0,-49.0,-49.0,-49.0,BA,True
4a:ff:61:0a:f6:20,-48.0,-48.0,-48.0,-48.0,-48.0,-48.0,-48.0,-48.0,-48.0,-48.0,BA,True
4a:ff:61:0a:f6:20,-48.0,-48.0,-48.0,-48.0,-43.0,-38.0,-38.0,-38.0,-38.0,-38.0,BA,True
4a:ff:61:0a:f6:20,-48.0,-48.0,-48.0,-48.0,-48.0,-48.0,-48.0,-48.0,-48.0,-48.0,BA,True
4a:ff:61:0a:f6:20,-48.0,-48.0,-48.0,-57.0,-57.0,-57.0,-57.0,-57.0,-57.0,-57.0,BA,True
4a:ff:61:0a:f6:20,-41.0,-41.0,-41.0,-41.0,-41.0,-42.0,-42.0,-42.0,-42.0,-42.0,BA,True
